{
    "version": "0.4",
    "title": "About | Section &#8211; Nikicivi Kit &#8211; 3",
    "type": "section",
    "metadata": {
        "template_type": "section-about",
        "include_in_zip": "1",
        "elementor_pro_required": null,
        "wp_page_template": "default"
    },
    "content": [
        {
            "id": "5c05811a",
            "settings": {
                "structure": "20",
                "padding": {
                    "unit": "px",
                    "top": "0",
                    "right": "15",
                    "bottom": "0",
                    "left": "15",
                    "isLinked": false
                },
                "margin": {
                    "unit": "px",
                    "top": "10",
                    "right": 0,
                    "bottom": "0",
                    "left": 0,
                    "isLinked": false
                },
                "_title": "About Me - Nikicivi - 3"
            },
            "elements": [
                {
                    "id": "53e2b6b8",
                    "settings": {
                        "_column_size": 50,
                        "_inline_size": 70,
                        "padding_mobile": {
                            "unit": "px",
                            "top": "0",
                            "right": "15",
                            "bottom": "0",
                            "left": "15",
                            "isLinked": false
                        },
                        "_title": "About Me"
                    },
                    "elements": [
                        {
                            "id": "2788f4fb",
                            "settings": {
                                "space": {
                                    "unit": "px",
                                    "size": 45,
                                    "sizes": []
                                },
                                "space_tablet": {
                                    "unit": "px",
                                    "size": 44,
                                    "sizes": []
                                },
                                "space_mobile": {
                                    "unit": "px",
                                    "size": 40,
                                    "sizes": []
                                }
                            },
                            "elements": [],
                            "isInner": false,
                            "widgetType": "spacer",
                            "elType": "widget"
                        },
                        {
                            "id": "273aff6f",
                            "settings": {
                                "title": "About Me",
                                "_animation": "fadeInDown",
                                "__globals__": {
                                    "typography_typography": "globals\/typography?id=primary",
                                    "title_color": "globals\/colors?id=b7dcd50"
                                },
                                "header_size": "h5",
                                "_padding": {
                                    "unit": "px",
                                    "top": "0",
                                    "right": "0",
                                    "bottom": "0",
                                    "left": "4",
                                    "isLinked": false
                                }
                            },
                            "elements": [],
                            "isInner": false,
                            "widgetType": "heading",
                            "elType": "widget"
                        },
                        {
                            "id": "191dbfa1",
                            "settings": {
                                "title": "Call me Niki",
                                "_animation": "fadeInDown",
                                "__globals__": {
                                    "typography_typography": "globals\/typography?id=a20c8f0",
                                    "title_color": "globals\/colors?id=primary"
                                },
                                "_padding": {
                                    "unit": "px",
                                    "top": "0",
                                    "right": "0",
                                    "bottom": "0",
                                    "left": "4",
                                    "isLinked": false
                                },
                                "_margin_mobile": {
                                    "unit": "px",
                                    "top": "-17",
                                    "right": "0",
                                    "bottom": "0",
                                    "left": "0",
                                    "isLinked": false
                                },
                                "_margin": {
                                    "unit": "px",
                                    "top": "-16",
                                    "right": "0",
                                    "bottom": "0",
                                    "left": "0",
                                    "isLinked": false
                                }
                            },
                            "elements": [],
                            "isInner": false,
                            "widgetType": "heading",
                            "elType": "widget"
                        },
                        {
                            "id": "75f9dc1c",
                            "settings": {
                                "text": "Divider",
                                "weight": {
                                    "unit": "px",
                                    "size": 10,
                                    "sizes": []
                                },
                                "_position": "absolute",
                                "_offset_x": {
                                    "unit": "px",
                                    "size": -276,
                                    "sizes": []
                                },
                                "_offset_y": {
                                    "unit": "px",
                                    "size": 222,
                                    "sizes": []
                                },
                                "_animation": "fadeInUp",
                                "_animation_delay": 200,
                                "align_mobile": "right",
                                "_animation_mobile": "fadeIn",
                                "_offset_x_mobile": {
                                    "unit": "px",
                                    "size": -178,
                                    "sizes": []
                                },
                                "align": "right",
                                "hide_tablet": "hidden-tablet",
                                "hide_mobile": "hidden-phone",
                                "_margin": {
                                    "unit": "px",
                                    "top": "-106",
                                    "right": "0",
                                    "bottom": "0",
                                    "left": "638",
                                    "isLinked": false
                                },
                                "__globals__": {
                                    "color": "globals\/colors?id=accent"
                                }
                            },
                            "elements": [],
                            "isInner": false,
                            "widgetType": "divider",
                            "elType": "widget"
                        },
                        {
                            "id": "5194fad6",
                            "settings": {
                                "space": {
                                    "unit": "px",
                                    "size": 31,
                                    "sizes": []
                                },
                                "space_mobile": {
                                    "unit": "px",
                                    "size": 30,
                                    "sizes": []
                                }
                            },
                            "elements": [],
                            "isInner": false,
                            "widgetType": "spacer",
                            "elType": "widget"
                        },
                        {
                            "id": "1beb16c9",
                            "settings": {
                                "editor": "<p>Lorem ipsum dolor sit amet, consectetur adipiscing elit, sed do eiusmod tempor incididunt ut labore et dolore magna aliqua. Vitae aliquet nec ullamcorper sit amet risus nullam eget. Sed viverra tellus in hac habitasse platea dictumst.<\/p>",
                                "_animation": "fadeInDown",
                                "__globals__": {
                                    "text_color": "globals\/colors?id=text",
                                    "typography_typography": "globals\/typography?id=text"
                                }
                            },
                            "elements": [],
                            "isInner": false,
                            "widgetType": "text-editor",
                            "elType": "widget"
                        },
                        {
                            "id": "67cb3e8d",
                            "settings": {
                                "title": "Web Design",
                                "progress_type": "info",
                                "percent": {
                                    "unit": "%",
                                    "size": 75,
                                    "sizes": []
                                },
                                "display_percentage": "hide",
                                "inner_text": "",
                                "bar_height": {
                                    "unit": "px",
                                    "size": 3,
                                    "sizes": []
                                },
                                "bar_border_radius": {
                                    "unit": "px",
                                    "size": 0,
                                    "sizes": []
                                },
                                "_title": "Progress Bar",
                                "_animation": "fadeInDown",
                                "_element_width_tablet": "initial",
                                "_element_width_mobile": "initial",
                                "_element_custom_width_tablet": {
                                    "unit": "px",
                                    "size": 430,
                                    "sizes": []
                                },
                                "_element_custom_width_mobile": {
                                    "unit": "px",
                                    "size": 350,
                                    "sizes": []
                                },
                                "__globals__": {
                                    "bar_color": "globals\/colors?id=primary",
                                    "title_color": "globals\/colors?id=primary",
                                    "typography_typography": "globals\/typography?id=857a9ea"
                                }
                            },
                            "elements": [],
                            "isInner": false,
                            "widgetType": "progress",
                            "elType": "widget"
                        },
                        {
                            "id": "24e4610a",
                            "settings": {
                                "title": "UI \/ UX Design",
                                "progress_type": "info",
                                "percent": {
                                    "unit": "%",
                                    "size": 70,
                                    "sizes": []
                                },
                                "display_percentage": "hide",
                                "inner_text": "",
                                "bar_height": {
                                    "unit": "px",
                                    "size": 3,
                                    "sizes": []
                                },
                                "bar_border_radius": {
                                    "unit": "px",
                                    "size": 0,
                                    "sizes": []
                                },
                                "_animation": "fadeInDown",
                                "_element_width_tablet": "initial",
                                "_element_width_mobile": "initial",
                                "_element_custom_width_tablet": {
                                    "unit": "px",
                                    "size": 430,
                                    "sizes": []
                                },
                                "_element_custom_width_mobile": {
                                    "unit": "px",
                                    "size": 350,
                                    "sizes": []
                                },
                                "__globals__": {
                                    "bar_color": "globals\/colors?id=primary",
                                    "title_color": "globals\/colors?id=primary",
                                    "typography_typography": "globals\/typography?id=857a9ea"
                                }
                            },
                            "elements": [],
                            "isInner": false,
                            "widgetType": "progress",
                            "elType": "widget"
                        },
                        {
                            "id": "1f5977b0",
                            "settings": {
                                "title": "Logo & Mascot Design",
                                "progress_type": "info",
                                "percent": {
                                    "unit": "%",
                                    "size": 80,
                                    "sizes": []
                                },
                                "display_percentage": "hide",
                                "inner_text": "",
                                "bar_height": {
                                    "unit": "px",
                                    "size": 3,
                                    "sizes": []
                                },
                                "bar_border_radius": {
                                    "unit": "px",
                                    "size": 0,
                                    "sizes": []
                                },
                                "_animation": "fadeInDown",
                                "_element_width_tablet": "initial",
                                "_element_width_mobile": "initial",
                                "_element_custom_width_tablet": {
                                    "unit": "px",
                                    "size": 430,
                                    "sizes": []
                                },
                                "_element_custom_width_mobile": {
                                    "unit": "px",
                                    "size": 350,
                                    "sizes": []
                                },
                                "__globals__": {
                                    "bar_color": "globals\/colors?id=primary",
                                    "title_color": "globals\/colors?id=primary",
                                    "typography_typography": "globals\/typography?id=857a9ea"
                                }
                            },
                            "elements": [],
                            "isInner": false,
                            "widgetType": "progress",
                            "elType": "widget"
                        },
                        {
                            "id": "14046cae",
                            "settings": {
                                "title": "Illustration",
                                "progress_type": "info",
                                "percent": {
                                    "unit": "%",
                                    "size": 90,
                                    "sizes": []
                                },
                                "display_percentage": "hide",
                                "inner_text": "",
                                "bar_height": {
                                    "unit": "px",
                                    "size": 3,
                                    "sizes": []
                                },
                                "bar_border_radius": {
                                    "unit": "px",
                                    "size": 0,
                                    "sizes": []
                                },
                                "_animation": "fadeInDown",
                                "_element_width_tablet": "initial",
                                "_element_width_mobile": "initial",
                                "_element_custom_width_tablet": {
                                    "unit": "px",
                                    "size": 430,
                                    "sizes": []
                                },
                                "_element_custom_width_mobile": {
                                    "unit": "px",
                                    "size": 350,
                                    "sizes": []
                                },
                                "__globals__": {
                                    "bar_color": "globals\/colors?id=primary",
                                    "title_color": "globals\/colors?id=primary",
                                    "typography_typography": "globals\/typography?id=857a9ea"
                                }
                            },
                            "elements": [],
                            "isInner": false,
                            "widgetType": "progress",
                            "elType": "widget"
                        },
                        {
                            "id": "8f7eb08",
                            "settings": {
                                "title": "Brand & Digital Marketing",
                                "progress_type": "info",
                                "percent": {
                                    "unit": "%",
                                    "size": 70,
                                    "sizes": []
                                },
                                "display_percentage": "hide",
                                "inner_text": "",
                                "bar_height": {
                                    "unit": "px",
                                    "size": 3,
                                    "sizes": []
                                },
                                "bar_border_radius": {
                                    "unit": "px",
                                    "size": 0,
                                    "sizes": []
                                },
                                "_animation": "fadeInDown",
                                "_element_width_tablet": "initial",
                                "_element_width_mobile": "initial",
                                "_element_custom_width_tablet": {
                                    "unit": "px",
                                    "size": 430,
                                    "sizes": []
                                },
                                "_element_custom_width_mobile": {
                                    "unit": "px",
                                    "size": 350,
                                    "sizes": []
                                },
                                "__globals__": {
                                    "bar_color": "globals\/colors?id=primary",
                                    "title_color": "globals\/colors?id=primary",
                                    "typography_typography": "globals\/typography?id=857a9ea"
                                }
                            },
                            "elements": [],
                            "isInner": false,
                            "widgetType": "progress",
                            "elType": "widget"
                        },
                        {
                            "id": "57e4f44b",
                            "settings": {
                                "space": {
                                    "unit": "px",
                                    "size": 91,
                                    "sizes": []
                                },
                                "space_mobile": {
                                    "unit": "px",
                                    "size": 102,
                                    "sizes": []
                                },
                                "space_tablet": {
                                    "unit": "px",
                                    "size": 95,
                                    "sizes": []
                                }
                            },
                            "elements": [],
                            "isInner": false,
                            "widgetType": "spacer",
                            "elType": "widget"
                        },
                        {
                            "id": "59e9e3c9",
                            "settings": {
                                "text": "Download CV",
                                "align": "left",
                                "_margin": {
                                    "unit": "px",
                                    "top": "0",
                                    "right": "0",
                                    "bottom": "0",
                                    "left": "0",
                                    "isLinked": false
                                }
                            },
                            "elements": [],
                            "isInner": false,
                            "widgetType": "button",
                            "elType": "widget"
                        },
                        {
                            "id": "5c5ddefb",
                            "settings": {
                                "space": {
                                    "unit": "px",
                                    "size": 125,
                                    "sizes": []
                                },
                                "space_mobile": {
                                    "unit": "px",
                                    "size": 102,
                                    "sizes": []
                                },
                                "space_tablet": {
                                    "unit": "px",
                                    "size": 95,
                                    "sizes": []
                                }
                            },
                            "elements": [],
                            "isInner": false,
                            "widgetType": "spacer",
                            "elType": "widget"
                        }
                    ],
                    "isInner": false,
                    "elType": "column"
                },
                {
                    "id": "6f6b37cf",
                    "settings": {
                        "_column_size": 50,
                        "_inline_size": 30,
                        "margin_tablet": {
                            "unit": "px",
                            "top": "0",
                            "right": "0",
                            "bottom": "0",
                            "left": "22",
                            "isLinked": false
                        },
                        "margin_mobile": {
                            "unit": "px",
                            "top": "0",
                            "right": "0",
                            "bottom": "0",
                            "left": "0",
                            "isLinked": false
                        },
                        "padding": {
                            "unit": "px",
                            "top": "192",
                            "right": "15",
                            "bottom": "0",
                            "left": "55",
                            "isLinked": false
                        },
                        "padding_tablet": {
                            "unit": "px",
                            "top": "0",
                            "right": "0",
                            "bottom": "0",
                            "left": "0",
                            "isLinked": false
                        },
                        "padding_mobile": {
                            "unit": "px",
                            "top": "0",
                            "right": "0",
                            "bottom": "0",
                            "left": "0",
                            "isLinked": false
                        },
                        "_title": "Experience - 3 Rectangles"
                    },
                    "elements": [
                        {
                            "id": "6a16bf2c",
                            "settings": {
                                "ending_number": 15,
                                "title": "YEARS EXPERIENCE",
                                "_padding": {
                                    "unit": "px",
                                    "top": "60",
                                    "right": "0",
                                    "bottom": "60",
                                    "left": "0",
                                    "isLinked": false
                                },
                                "_padding_tablet": {
                                    "unit": "px",
                                    "top": "30",
                                    "right": "0",
                                    "bottom": "30",
                                    "left": "0",
                                    "isLinked": false
                                },
                                "_padding_mobile": {
                                    "unit": "px",
                                    "top": "40",
                                    "right": "0",
                                    "bottom": "40",
                                    "left": "0",
                                    "isLinked": false
                                },
                                "_background_background": "classic",
                                "_background_hover_background": "classic",
                                "_box_shadow_box_shadow": {
                                    "horizontal": 6,
                                    "vertical": 16,
                                    "blur": 29,
                                    "spread": -9,
                                    "color": "rgba(0,0,0,0.5)"
                                },
                                "_offset_y": {
                                    "unit": "px",
                                    "size": 0,
                                    "sizes": []
                                },
                                "_offset_y_tablet": {
                                    "unit": "px",
                                    "size": 429,
                                    "sizes": []
                                },
                                "_offset_y_mobile": {
                                    "unit": "px",
                                    "size": -14,
                                    "sizes": []
                                },
                                "_title": "Counter",
                                "_offset_y_end": {
                                    "unit": "px",
                                    "size": -303,
                                    "sizes": []
                                },
                                "_animation": "fadeIn",
                                "_offset_orientation_h": "end",
                                "__globals__": {
                                    "number_color": "globals\/colors?id=68b3a46",
                                    "typography_number_typography": "globals\/typography?id=a20c8f0",
                                    "_background_color": "globals\/colors?id=23e41ad",
                                    "title_color": "globals\/colors?id=accent",
                                    "typography_title_typography": "globals\/typography?id=857a9ea"
                                },
                                "_margin_tablet": {
                                    "unit": "px",
                                    "top": "100",
                                    "right": "0",
                                    "bottom": "0",
                                    "left": "0",
                                    "isLinked": false
                                }
                            },
                            "elements": [],
                            "isInner": false,
                            "widgetType": "counter",
                            "elType": "widget"
                        },
                        {
                            "id": "335b654b",
                            "settings": {
                                "ending_number": 267,
                                "title": "HAPPY CLIENTS",
                                "_padding": {
                                    "unit": "px",
                                    "top": "60",
                                    "right": "0",
                                    "bottom": "60",
                                    "left": "0",
                                    "isLinked": false
                                },
                                "_padding_tablet": {
                                    "unit": "px",
                                    "top": "30",
                                    "right": "0",
                                    "bottom": "30",
                                    "left": "0",
                                    "isLinked": false
                                },
                                "_padding_mobile": {
                                    "unit": "px",
                                    "top": "40",
                                    "right": "0",
                                    "bottom": "40",
                                    "left": "0",
                                    "isLinked": false
                                },
                                "_background_background": "classic",
                                "_background_hover_background": "classic",
                                "_box_shadow_box_shadow": {
                                    "horizontal": 6,
                                    "vertical": 16,
                                    "blur": 29,
                                    "spread": -9,
                                    "color": "rgba(0,0,0,0.5)"
                                },
                                "_offset_y": {
                                    "unit": "px",
                                    "size": 224,
                                    "sizes": []
                                },
                                "_offset_y_tablet": {
                                    "unit": "px",
                                    "size": 568,
                                    "sizes": []
                                },
                                "_offset_y_mobile": {
                                    "unit": "px",
                                    "size": 145,
                                    "sizes": []
                                },
                                "_offset_y_end": {
                                    "unit": "px",
                                    "size": -264,
                                    "sizes": []
                                },
                                "_animation": "fadeIn",
                                "_offset_orientation_h": "end",
                                "_title": "Counter",
                                "_margin": {
                                    "unit": "px",
                                    "top": "-20",
                                    "right": "0",
                                    "bottom": "0",
                                    "left": "0",
                                    "isLinked": false
                                },
                                "__globals__": {
                                    "number_color": "globals\/colors?id=2723215",
                                    "typography_number_typography": "globals\/typography?id=a20c8f0",
                                    "title_color": "globals\/colors?id=2723215",
                                    "typography_title_typography": "globals\/typography?id=857a9ea",
                                    "_background_color": "globals\/colors?id=accent"
                                }
                            },
                            "elements": [],
                            "isInner": false,
                            "widgetType": "counter",
                            "elType": "widget"
                        },
                        {
                            "id": "67f14cda",
                            "settings": {
                                "ending_number": 368,
                                "title": "PROJECTS COMPLETED",
                                "_padding": {
                                    "unit": "px",
                                    "top": "60",
                                    "right": "0",
                                    "bottom": "60",
                                    "left": "0",
                                    "isLinked": false
                                },
                                "_padding_tablet": {
                                    "unit": "px",
                                    "top": "30",
                                    "right": "0",
                                    "bottom": "30",
                                    "left": "0",
                                    "isLinked": false
                                },
                                "_padding_mobile": {
                                    "unit": "px",
                                    "top": "40",
                                    "right": "0",
                                    "bottom": "40",
                                    "left": "0",
                                    "isLinked": false
                                },
                                "_background_background": "classic",
                                "_background_hover_background": "classic",
                                "_box_shadow_box_shadow": {
                                    "horizontal": 6,
                                    "vertical": 16,
                                    "blur": 29,
                                    "spread": -9,
                                    "color": "rgba(0,0,0,0.5)"
                                },
                                "_offset_y": {
                                    "unit": "px",
                                    "size": 445,
                                    "sizes": []
                                },
                                "_offset_y_tablet": {
                                    "unit": "px",
                                    "size": 707,
                                    "sizes": []
                                },
                                "_offset_y_mobile": {
                                    "unit": "px",
                                    "size": 304,
                                    "sizes": []
                                },
                                "_offset_y_end": {
                                    "unit": "px",
                                    "size": -264,
                                    "sizes": []
                                },
                                "_animation": "fadeIn",
                                "_offset_orientation_h": "end",
                                "_margin": {
                                    "unit": "px",
                                    "top": "-20",
                                    "right": "0",
                                    "bottom": "0",
                                    "left": "0",
                                    "isLinked": false
                                },
                                "__globals__": {
                                    "number_color": "globals\/colors?id=68b3a46",
                                    "typography_number_typography": "globals\/typography?id=a20c8f0",
                                    "title_color": "globals\/colors?id=accent",
                                    "typography_title_typography": "globals\/typography?id=857a9ea",
                                    "_background_color": "globals\/colors?id=primary"
                                }
                            },
                            "elements": [],
                            "isInner": false,
                            "widgetType": "counter",
                            "elType": "widget"
                        },
                        {
                            "id": "3db4e97",
                            "settings": {
                                "space": {
                                    "unit": "px",
                                    "size": 179,
                                    "sizes": []
                                },
                                "space_mobile": {
                                    "unit": "px",
                                    "size": 135,
                                    "sizes": []
                                }
                            },
                            "elements": [],
                            "isInner": false,
                            "widgetType": "spacer",
                            "elType": "widget"
                        }
                    ],
                    "isInner": false,
                    "elType": "column"
                }
            ],
            "isInner": false,
            "elType": "section"
        }
    ]
}