{
    "version": "0.4",
    "title": "About | Section &#8211; Nikicivi Kit &#8211; 1",
    "type": "section",
    "metadata": {
        "template_type": "section-about",
        "include_in_zip": "1",
        "elementor_pro_required": null,
        "wp_page_template": "default"
    },
    "content": [
        {
            "id": "558b8a56",
            "settings": {
                "structure": "20",
                "margin": {
                    "unit": "px",
                    "top": "32",
                    "right": 0,
                    "bottom": "0",
                    "left": 0,
                    "isLinked": false
                },
                "shape_divider_top_height": {
                    "unit": "px",
                    "size": 394,
                    "sizes": []
                },
                "_title": "About Me - Nikicivi - 1"
            },
            "elements": [
                {
                    "id": "734e5432",
                    "settings": {
                        "_column_size": 50,
                        "_inline_size": 37,
                        "padding": {
                            "unit": "px",
                            "top": "0",
                            "right": "10",
                            "bottom": "0",
                            "left": "10",
                            "isLinked": false
                        },
                        "padding_tablet": {
                            "unit": "px",
                            "top": "0",
                            "right": "15",
                            "bottom": "0",
                            "left": "15",
                            "isLinked": false
                        },
                        "padding_mobile": {
                            "unit": "px",
                            "top": "0",
                            "right": "25",
                            "bottom": "0",
                            "left": "25",
                            "isLinked": false
                        },
                        "_title": "Call me Niki"
                    },
                    "elements": [
                        {
                            "id": "7a3d84ec",
                            "settings": {
                                "space": {
                                    "unit": "px",
                                    "size": 150,
                                    "sizes": []
                                },
                                "space_tablet": {
                                    "unit": "px",
                                    "size": 115,
                                    "sizes": []
                                },
                                "space_mobile": {
                                    "unit": "px",
                                    "size": 162,
                                    "sizes": []
                                }
                            },
                            "elements": [],
                            "isInner": false,
                            "widgetType": "spacer",
                            "elType": "widget"
                        },
                        {
                            "id": "70e9a120",
                            "settings": {
                                "title": "About Me",
                                "_animation": "fadeInDown",
                                "__globals__": {
                                    "typography_typography": "globals\/typography?id=primary",
                                    "title_color": "globals\/colors?id=b7dcd50"
                                },
                                "header_size": "h5",
                                "_padding": {
                                    "unit": "px",
                                    "top": "0",
                                    "right": "0",
                                    "bottom": "0",
                                    "left": "4",
                                    "isLinked": false
                                }
                            },
                            "elements": [],
                            "isInner": false,
                            "widgetType": "heading",
                            "elType": "widget"
                        },
                        {
                            "id": "4773b43",
                            "settings": {
                                "title": "Call me\nNiki",
                                "_margin": {
                                    "unit": "px",
                                    "top": "-14",
                                    "right": "0",
                                    "bottom": "0",
                                    "left": "0",
                                    "isLinked": false
                                },
                                "_padding": {
                                    "unit": "px",
                                    "top": "0",
                                    "right": "123",
                                    "bottom": "0",
                                    "left": "0",
                                    "isLinked": false
                                },
                                "_animation": "fadeInLeft",
                                "__globals__": {
                                    "typography_typography": "globals\/typography?id=a20c8f0",
                                    "title_color": "globals\/colors?id=primary"
                                }
                            },
                            "elements": [],
                            "isInner": false,
                            "widgetType": "heading",
                            "elType": "widget"
                        },
                        {
                            "id": "3d2a4c25",
                            "settings": {
                                "text": "Divider",
                                "weight": {
                                    "unit": "px",
                                    "size": 10,
                                    "sizes": []
                                },
                                "_offset_x": {
                                    "unit": "px",
                                    "size": 119,
                                    "sizes": []
                                },
                                "_offset_y": {
                                    "unit": "px",
                                    "size": 293,
                                    "sizes": []
                                },
                                "_animation": "fadeInUp",
                                "_animation_delay": 200,
                                "align_mobile": "right",
                                "_animation_mobile": "fadeIn",
                                "_offset_x_mobile": {
                                    "unit": "px",
                                    "size": -178,
                                    "sizes": []
                                },
                                "_offset_orientation_v": "end",
                                "_offset_y_mobile": {
                                    "unit": "px",
                                    "size": 349,
                                    "sizes": []
                                },
                                "_offset_y_end": {
                                    "unit": "px",
                                    "size": 360,
                                    "sizes": []
                                },
                                "_offset_y_end_tablet": {
                                    "unit": "px",
                                    "size": 407,
                                    "sizes": []
                                },
                                "_offset_y_end_mobile": {
                                    "unit": "px",
                                    "size": 129,
                                    "sizes": []
                                },
                                "_margin": {
                                    "unit": "px",
                                    "top": "-60",
                                    "right": "0",
                                    "bottom": "0",
                                    "left": "118",
                                    "isLinked": false
                                },
                                "_padding": {
                                    "unit": "px",
                                    "top": "0",
                                    "right": "183",
                                    "bottom": "0",
                                    "left": "0",
                                    "isLinked": false
                                },
                                "__globals__": {
                                    "color": "globals\/colors?id=accent"
                                }
                            },
                            "elements": [],
                            "isInner": false,
                            "widgetType": "divider",
                            "elType": "widget"
                        },
                        {
                            "id": "68554f2",
                            "settings": {
                                "space": {
                                    "unit": "px",
                                    "size": 63,
                                    "sizes": []
                                },
                                "space_mobile": {
                                    "unit": "px",
                                    "size": 10,
                                    "sizes": []
                                }
                            },
                            "elements": [],
                            "isInner": false,
                            "widgetType": "spacer",
                            "elType": "widget"
                        }
                    ],
                    "isInner": false,
                    "elType": "column"
                },
                {
                    "id": "22908816",
                    "settings": {
                        "_column_size": 50,
                        "_inline_size": 63,
                        "padding": {
                            "unit": "px",
                            "top": "0",
                            "right": "10",
                            "bottom": "0",
                            "left": "10",
                            "isLinked": false
                        },
                        "padding_tablet": {
                            "unit": "px",
                            "top": "0",
                            "right": "-15",
                            "bottom": "0",
                            "left": "0",
                            "isLinked": false
                        },
                        "padding_mobile": {
                            "unit": "px",
                            "top": "0",
                            "right": "25",
                            "bottom": "0",
                            "left": "25",
                            "isLinked": false
                        },
                        "_title": "Skills"
                    },
                    "elements": [
                        {
                            "id": "633a25c",
                            "settings": {
                                "space": {
                                    "unit": "px",
                                    "size": 150,
                                    "sizes": []
                                },
                                "space_mobile": {
                                    "unit": "px",
                                    "size": 10,
                                    "sizes": []
                                },
                                "space_tablet": {
                                    "unit": "px",
                                    "size": 115,
                                    "sizes": []
                                }
                            },
                            "elements": [],
                            "isInner": false,
                            "widgetType": "spacer",
                            "elType": "widget"
                        },
                        {
                            "id": "1eb10032",
                            "settings": {
                                "editor": "<p>Lorem ipsum dolor sit amet, consectetur adipiscing elit, sed do eiusmod tempor incididunt ut labore et dolore magna aliqua. Vitae aliquet nec ullamcorper sit amet risus nullam eget. Sed viverra tellus in hac habitasse platea dictumst.<\/p>",
                                "_animation": "fadeInDown",
                                "__globals__": {
                                    "text_color": "globals\/colors?id=text",
                                    "typography_typography": "globals\/typography?id=text"
                                }
                            },
                            "elements": [],
                            "isInner": false,
                            "widgetType": "text-editor",
                            "elType": "widget"
                        },
                        {
                            "id": "6088c71d",
                            "settings": {
                                "title": "Web Design",
                                "progress_type": "info",
                                "percent": {
                                    "unit": "%",
                                    "size": 75,
                                    "sizes": []
                                },
                                "display_percentage": "hide",
                                "inner_text": "",
                                "bar_height": {
                                    "unit": "px",
                                    "size": 3,
                                    "sizes": []
                                },
                                "bar_border_radius": {
                                    "unit": "px",
                                    "size": 0,
                                    "sizes": []
                                },
                                "_title": "Progress Bar",
                                "_animation": "fadeInDown",
                                "_element_width_tablet": "initial",
                                "_element_width_mobile": "initial",
                                "_element_custom_width_tablet": {
                                    "unit": "px",
                                    "size": 430,
                                    "sizes": []
                                },
                                "_element_custom_width_mobile": {
                                    "unit": "px",
                                    "size": 350,
                                    "sizes": []
                                },
                                "__globals__": {
                                    "title_color": "globals\/colors?id=primary",
                                    "typography_typography": "globals\/typography?id=857a9ea",
                                    "bar_color": "globals\/colors?id=primary"
                                }
                            },
                            "elements": [],
                            "isInner": false,
                            "widgetType": "progress",
                            "elType": "widget"
                        },
                        {
                            "id": "7985a0d1",
                            "settings": {
                                "title": "UI \/ UX Design",
                                "progress_type": "info",
                                "percent": {
                                    "unit": "%",
                                    "size": 70,
                                    "sizes": []
                                },
                                "display_percentage": "hide",
                                "inner_text": "",
                                "bar_height": {
                                    "unit": "px",
                                    "size": 3,
                                    "sizes": []
                                },
                                "bar_border_radius": {
                                    "unit": "px",
                                    "size": 0,
                                    "sizes": []
                                },
                                "_animation": "fadeInDown",
                                "_element_width_tablet": "initial",
                                "_element_width_mobile": "initial",
                                "_element_custom_width_tablet": {
                                    "unit": "px",
                                    "size": 430,
                                    "sizes": []
                                },
                                "_element_custom_width_mobile": {
                                    "unit": "px",
                                    "size": 350,
                                    "sizes": []
                                },
                                "__globals__": {
                                    "typography_typography": "globals\/typography?id=857a9ea",
                                    "title_color": "globals\/colors?id=primary",
                                    "bar_color": "globals\/colors?id=primary"
                                }
                            },
                            "elements": [],
                            "isInner": false,
                            "widgetType": "progress",
                            "elType": "widget"
                        },
                        {
                            "id": "51c2de03",
                            "settings": {
                                "title": "Logo & Mascot Design",
                                "progress_type": "info",
                                "percent": {
                                    "unit": "%",
                                    "size": 80,
                                    "sizes": []
                                },
                                "display_percentage": "hide",
                                "inner_text": "",
                                "bar_height": {
                                    "unit": "px",
                                    "size": 3,
                                    "sizes": []
                                },
                                "bar_border_radius": {
                                    "unit": "px",
                                    "size": 0,
                                    "sizes": []
                                },
                                "_animation": "fadeInDown",
                                "_element_width_tablet": "initial",
                                "_element_width_mobile": "initial",
                                "_element_custom_width_tablet": {
                                    "unit": "px",
                                    "size": 430,
                                    "sizes": []
                                },
                                "_element_custom_width_mobile": {
                                    "unit": "px",
                                    "size": 350,
                                    "sizes": []
                                },
                                "__globals__": {
                                    "bar_color": "globals\/colors?id=primary",
                                    "title_color": "globals\/colors?id=primary",
                                    "typography_typography": "globals\/typography?id=857a9ea"
                                }
                            },
                            "elements": [],
                            "isInner": false,
                            "widgetType": "progress",
                            "elType": "widget"
                        },
                        {
                            "id": "7e6ce516",
                            "settings": {
                                "title": "Illustration",
                                "progress_type": "info",
                                "percent": {
                                    "unit": "%",
                                    "size": 90,
                                    "sizes": []
                                },
                                "display_percentage": "hide",
                                "inner_text": "",
                                "bar_height": {
                                    "unit": "px",
                                    "size": 3,
                                    "sizes": []
                                },
                                "bar_border_radius": {
                                    "unit": "px",
                                    "size": 0,
                                    "sizes": []
                                },
                                "_animation": "fadeInDown",
                                "_element_width_tablet": "initial",
                                "_element_width_mobile": "initial",
                                "_element_custom_width_tablet": {
                                    "unit": "px",
                                    "size": 430,
                                    "sizes": []
                                },
                                "_element_custom_width_mobile": {
                                    "unit": "px",
                                    "size": 350,
                                    "sizes": []
                                },
                                "__globals__": {
                                    "bar_color": "globals\/colors?id=primary",
                                    "title_color": "globals\/colors?id=primary",
                                    "typography_typography": "globals\/typography?id=857a9ea"
                                }
                            },
                            "elements": [],
                            "isInner": false,
                            "widgetType": "progress",
                            "elType": "widget"
                        },
                        {
                            "id": "2b620198",
                            "settings": {
                                "title": "Brand & Digital Marketing",
                                "progress_type": "info",
                                "percent": {
                                    "unit": "%",
                                    "size": 70,
                                    "sizes": []
                                },
                                "display_percentage": "hide",
                                "inner_text": "",
                                "bar_height": {
                                    "unit": "px",
                                    "size": 3,
                                    "sizes": []
                                },
                                "bar_border_radius": {
                                    "unit": "px",
                                    "size": 0,
                                    "sizes": []
                                },
                                "_animation": "fadeInDown",
                                "_element_width_tablet": "initial",
                                "_element_width_mobile": "initial",
                                "_element_custom_width_tablet": {
                                    "unit": "px",
                                    "size": 430,
                                    "sizes": []
                                },
                                "_element_custom_width_mobile": {
                                    "unit": "px",
                                    "size": 350,
                                    "sizes": []
                                },
                                "__globals__": {
                                    "bar_color": "globals\/colors?id=primary",
                                    "title_color": "globals\/colors?id=primary",
                                    "typography_typography": "globals\/typography?id=857a9ea"
                                }
                            },
                            "elements": [],
                            "isInner": false,
                            "widgetType": "progress",
                            "elType": "widget"
                        },
                        {
                            "id": "f944dfc",
                            "settings": {
                                "space": {
                                    "unit": "px",
                                    "size": 49,
                                    "sizes": []
                                }
                            },
                            "elements": [],
                            "isInner": false,
                            "widgetType": "spacer",
                            "elType": "widget"
                        },
                        {
                            "id": "1891f123",
                            "settings": {
                                "text": "Download CV",
                                "_animation": "fadeIn"
                            },
                            "elements": [],
                            "isInner": false,
                            "widgetType": "button",
                            "elType": "widget"
                        },
                        {
                            "id": "5818d64a",
                            "settings": {
                                "space": {
                                    "unit": "px",
                                    "size": 152,
                                    "sizes": []
                                }
                            },
                            "elements": [],
                            "isInner": false,
                            "widgetType": "spacer",
                            "elType": "widget"
                        }
                    ],
                    "isInner": false,
                    "elType": "column"
                }
            ],
            "isInner": false,
            "elType": "section"
        }
    ]
}