{
    "version": "0.4",
    "title": "About | Section &#8211; Nikicivi Kit &#8211; 2",
    "type": "section",
    "metadata": {
        "template_type": "section-about",
        "include_in_zip": "1",
        "elementor_pro_required": null,
        "wp_page_template": "default"
    },
    "content": [
        {
            "id": "15e5dcc7",
            "settings": {
                "structure": "20",
                "margin": {
                    "unit": "px",
                    "top": "47",
                    "right": 0,
                    "bottom": "0",
                    "left": 0,
                    "isLinked": false
                },
                "_title": "About Me - Nikicivi - 2"
            },
            "elements": [
                {
                    "id": "42609b15",
                    "settings": {
                        "_column_size": 50,
                        "_inline_size": 37,
                        "padding": {
                            "unit": "px",
                            "top": "0",
                            "right": "10",
                            "bottom": "0",
                            "left": "10",
                            "isLinked": false
                        },
                        "padding_tablet": {
                            "unit": "px",
                            "top": "0",
                            "right": "15",
                            "bottom": "0",
                            "left": "15",
                            "isLinked": false
                        },
                        "padding_mobile": {
                            "unit": "px",
                            "top": "0",
                            "right": "25",
                            "bottom": "0",
                            "left": "25",
                            "isLinked": false
                        },
                        "_inline_size_tablet": 55,
                        "_title": "Call me Niki"
                    },
                    "elements": [
                        {
                            "id": "40fc194d",
                            "settings": {
                                "space": {
                                    "unit": "px",
                                    "size": 80,
                                    "sizes": []
                                },
                                "space_tablet": {
                                    "unit": "px",
                                    "size": 44,
                                    "sizes": []
                                }
                            },
                            "elements": [],
                            "isInner": false,
                            "widgetType": "spacer",
                            "elType": "widget"
                        },
                        {
                            "id": "2362c912",
                            "settings": {
                                "title": "About Me",
                                "_animation": "fadeInDown",
                                "__globals__": {
                                    "typography_typography": "globals\/typography?id=primary",
                                    "title_color": "globals\/colors?id=b7dcd50"
                                },
                                "header_size": "h5",
                                "_padding": {
                                    "unit": "px",
                                    "top": "0",
                                    "right": "0",
                                    "bottom": "0",
                                    "left": "8",
                                    "isLinked": false
                                },
                                "_padding_mobile": {
                                    "unit": "px",
                                    "top": "0",
                                    "right": "0",
                                    "bottom": "0",
                                    "left": "15",
                                    "isLinked": false
                                }
                            },
                            "elements": [],
                            "isInner": false,
                            "widgetType": "heading",
                            "elType": "widget"
                        },
                        {
                            "id": "da7fe8f",
                            "settings": {
                                "title": "Call me Niki",
                                "_animation": "fadeInDown",
                                "__globals__": {
                                    "typography_typography": "globals\/typography?id=a20c8f0",
                                    "title_color": "globals\/colors?id=primary"
                                },
                                "_padding": {
                                    "unit": "px",
                                    "top": "0",
                                    "right": "0",
                                    "bottom": "0",
                                    "left": "4",
                                    "isLinked": false
                                },
                                "_margin_mobile": {
                                    "unit": "px",
                                    "top": "-17",
                                    "right": "0",
                                    "bottom": "0",
                                    "left": "0",
                                    "isLinked": false
                                },
                                "_padding_mobile": {
                                    "unit": "px",
                                    "top": "0",
                                    "right": "0",
                                    "bottom": "0",
                                    "left": "10",
                                    "isLinked": false
                                }
                            },
                            "elements": [],
                            "isInner": false,
                            "widgetType": "heading",
                            "elType": "widget"
                        },
                        {
                            "id": "274d699a",
                            "settings": {
                                "space": {
                                    "unit": "px",
                                    "size": 63,
                                    "sizes": []
                                },
                                "space_mobile": {
                                    "unit": "px",
                                    "size": 10,
                                    "sizes": []
                                }
                            },
                            "elements": [],
                            "isInner": false,
                            "widgetType": "spacer",
                            "elType": "widget"
                        }
                    ],
                    "isInner": false,
                    "elType": "column"
                },
                {
                    "id": "2860447b",
                    "settings": {
                        "_column_size": 50,
                        "_inline_size": 63,
                        "padding": {
                            "unit": "px",
                            "top": "0",
                            "right": "10",
                            "bottom": "0",
                            "left": "10",
                            "isLinked": false
                        },
                        "padding_tablet": {
                            "unit": "px",
                            "top": "0",
                            "right": "-15",
                            "bottom": "0",
                            "left": "0",
                            "isLinked": false
                        },
                        "padding_mobile": {
                            "unit": "px",
                            "top": "0",
                            "right": "25",
                            "bottom": "0",
                            "left": "25",
                            "isLinked": false
                        },
                        "_inline_size_tablet": 44,
                        "_title": "Download CV"
                    },
                    "elements": [
                        {
                            "id": "17642cd3",
                            "settings": {
                                "space": {
                                    "unit": "px",
                                    "size": 80,
                                    "sizes": []
                                },
                                "space_mobile": {
                                    "unit": "px",
                                    "size": 10,
                                    "sizes": []
                                },
                                "space_tablet": {
                                    "unit": "px",
                                    "size": 170,
                                    "sizes": []
                                }
                            },
                            "elements": [],
                            "isInner": false,
                            "widgetType": "spacer",
                            "elType": "widget"
                        },
                        {
                            "id": "49c0d386",
                            "settings": {
                                "text": "Divider",
                                "weight": {
                                    "unit": "px",
                                    "size": 10,
                                    "sizes": []
                                },
                                "_offset_x": {
                                    "unit": "px",
                                    "size": 280,
                                    "sizes": []
                                },
                                "_offset_y": {
                                    "unit": "px",
                                    "size": 325,
                                    "sizes": []
                                },
                                "_animation": "fadeInUp",
                                "_animation_delay": 200,
                                "align_mobile": "right",
                                "_animation_mobile": "fadeIn",
                                "_offset_x_mobile": {
                                    "unit": "px",
                                    "size": -178,
                                    "sizes": []
                                },
                                "align": "right",
                                "hide_tablet": "hidden-tablet",
                                "hide_mobile": "hidden-phone",
                                "_offset_orientation_v": "end",
                                "_offset_y_end": {
                                    "unit": "px",
                                    "size": 97,
                                    "sizes": []
                                },
                                "_margin": {
                                    "unit": "px",
                                    "top": "64",
                                    "right": "283",
                                    "bottom": "0",
                                    "left": "0",
                                    "isLinked": false
                                },
                                "__globals__": {
                                    "color": "globals\/colors?id=accent"
                                }
                            },
                            "elements": [],
                            "isInner": false,
                            "widgetType": "divider",
                            "elType": "widget"
                        },
                        {
                            "id": "39596894",
                            "settings": {
                                "text": "Download CV",
                                "align": "right",
                                "align_mobile": "left",
                                "_margin": {
                                    "unit": "px",
                                    "top": "-96",
                                    "right": "0",
                                    "bottom": "0",
                                    "left": "0",
                                    "isLinked": false
                                },
                                "_margin_mobile": {
                                    "unit": "px",
                                    "top": "0",
                                    "right": "0",
                                    "bottom": "0",
                                    "left": "0",
                                    "isLinked": false
                                },
                                "_padding_mobile": {
                                    "unit": "px",
                                    "top": "0",
                                    "right": "0",
                                    "bottom": "0",
                                    "left": "10",
                                    "isLinked": false
                                },
                                "_animation": "fadeInUp"
                            },
                            "elements": [],
                            "isInner": false,
                            "widgetType": "button",
                            "elType": "widget"
                        },
                        {
                            "id": "ad2098",
                            "settings": {
                                "space": {
                                    "unit": "px",
                                    "size": 91,
                                    "sizes": []
                                }
                            },
                            "elements": [],
                            "isInner": false,
                            "widgetType": "spacer",
                            "elType": "widget"
                        }
                    ],
                    "isInner": false,
                    "elType": "column"
                }
            ],
            "isInner": false,
            "elType": "section"
        },
        {
            "id": "5449ff87",
            "settings": {
                "_title": "Skills",
                "padding_mobile": {
                    "unit": "px",
                    "top": "0",
                    "right": "25",
                    "bottom": "0",
                    "left": "25",
                    "isLinked": false
                }
            },
            "elements": [
                {
                    "id": "4329adef",
                    "settings": {
                        "_column_size": 100,
                        "_inline_size": null,
                        "padding": {
                            "unit": "px",
                            "top": "0",
                            "right": "15",
                            "bottom": "0",
                            "left": "15",
                            "isLinked": false
                        }
                    },
                    "elements": [
                        {
                            "id": "35a3f52e",
                            "settings": {
                                "editor": "<p>Lorem ipsum dolor sit amet, consectetur adipiscing elit, sed do eiusmod tempor incididunt ut labore et dolore magna aliqua. Vitae aliquet nec ullamcorper sit amet risus nullam eget. Sed viverra tellus in hac habitasse platea dictumst.<\/p>",
                                "_animation": "fadeInDown",
                                "__globals__": {
                                    "typography_typography": "globals\/typography?id=text",
                                    "text_color": "globals\/colors?id=text"
                                }
                            },
                            "elements": [],
                            "isInner": false,
                            "widgetType": "text-editor",
                            "elType": "widget"
                        },
                        {
                            "id": "64aab885",
                            "settings": {
                                "title": "Web Design",
                                "progress_type": "info",
                                "percent": {
                                    "unit": "%",
                                    "size": 75,
                                    "sizes": []
                                },
                                "display_percentage": "hide",
                                "inner_text": "",
                                "bar_height": {
                                    "unit": "px",
                                    "size": 3,
                                    "sizes": []
                                },
                                "bar_border_radius": {
                                    "unit": "px",
                                    "size": 0,
                                    "sizes": []
                                },
                                "_title": "Progress Bar",
                                "_animation": "fadeInDown",
                                "_element_width_tablet": "initial",
                                "_element_width_mobile": "initial",
                                "_element_custom_width_tablet": {
                                    "unit": "px",
                                    "size": 430,
                                    "sizes": []
                                },
                                "_element_custom_width_mobile": {
                                    "unit": "px",
                                    "size": 350,
                                    "sizes": []
                                },
                                "__globals__": {
                                    "bar_color": "globals\/colors?id=primary",
                                    "title_color": "globals\/colors?id=primary",
                                    "typography_typography": "globals\/typography?id=857a9ea"
                                }
                            },
                            "elements": [],
                            "isInner": false,
                            "widgetType": "progress",
                            "elType": "widget"
                        },
                        {
                            "id": "1d23526f",
                            "settings": {
                                "title": "UI \/ UX Design",
                                "progress_type": "info",
                                "percent": {
                                    "unit": "%",
                                    "size": 70,
                                    "sizes": []
                                },
                                "display_percentage": "hide",
                                "inner_text": "",
                                "bar_height": {
                                    "unit": "px",
                                    "size": 3,
                                    "sizes": []
                                },
                                "bar_border_radius": {
                                    "unit": "px",
                                    "size": 0,
                                    "sizes": []
                                },
                                "_animation": "fadeInDown",
                                "_element_width_tablet": "initial",
                                "_element_width_mobile": "initial",
                                "_element_custom_width_tablet": {
                                    "unit": "px",
                                    "size": 430,
                                    "sizes": []
                                },
                                "_element_custom_width_mobile": {
                                    "unit": "px",
                                    "size": 350,
                                    "sizes": []
                                },
                                "__globals__": {
                                    "bar_color": "globals\/colors?id=primary",
                                    "title_color": "globals\/colors?id=primary",
                                    "typography_typography": "globals\/typography?id=857a9ea"
                                }
                            },
                            "elements": [],
                            "isInner": false,
                            "widgetType": "progress",
                            "elType": "widget"
                        },
                        {
                            "id": "5dc6fa6d",
                            "settings": {
                                "title": "Logo & Mascot Design",
                                "progress_type": "info",
                                "percent": {
                                    "unit": "%",
                                    "size": 80,
                                    "sizes": []
                                },
                                "display_percentage": "hide",
                                "inner_text": "",
                                "bar_height": {
                                    "unit": "px",
                                    "size": 3,
                                    "sizes": []
                                },
                                "bar_border_radius": {
                                    "unit": "px",
                                    "size": 0,
                                    "sizes": []
                                },
                                "_animation": "fadeInDown",
                                "_element_width_tablet": "initial",
                                "_element_width_mobile": "initial",
                                "_element_custom_width_tablet": {
                                    "unit": "px",
                                    "size": 430,
                                    "sizes": []
                                },
                                "_element_custom_width_mobile": {
                                    "unit": "px",
                                    "size": 350,
                                    "sizes": []
                                },
                                "__globals__": {
                                    "bar_color": "globals\/colors?id=primary",
                                    "title_color": "globals\/colors?id=primary",
                                    "typography_typography": "globals\/typography?id=857a9ea"
                                }
                            },
                            "elements": [],
                            "isInner": false,
                            "widgetType": "progress",
                            "elType": "widget"
                        },
                        {
                            "id": "684ec2ec",
                            "settings": {
                                "title": "Illustration",
                                "progress_type": "info",
                                "percent": {
                                    "unit": "%",
                                    "size": 90,
                                    "sizes": []
                                },
                                "display_percentage": "hide",
                                "inner_text": "",
                                "bar_height": {
                                    "unit": "px",
                                    "size": 3,
                                    "sizes": []
                                },
                                "bar_border_radius": {
                                    "unit": "px",
                                    "size": 0,
                                    "sizes": []
                                },
                                "_animation": "fadeInDown",
                                "_element_width_tablet": "initial",
                                "_element_width_mobile": "initial",
                                "_element_custom_width_tablet": {
                                    "unit": "px",
                                    "size": 430,
                                    "sizes": []
                                },
                                "_element_custom_width_mobile": {
                                    "unit": "px",
                                    "size": 350,
                                    "sizes": []
                                },
                                "__globals__": {
                                    "bar_color": "globals\/colors?id=primary",
                                    "title_color": "globals\/colors?id=primary",
                                    "typography_typography": "globals\/typography?id=857a9ea"
                                }
                            },
                            "elements": [],
                            "isInner": false,
                            "widgetType": "progress",
                            "elType": "widget"
                        },
                        {
                            "id": "119da90f",
                            "settings": {
                                "title": "Brand & Digital Marketing",
                                "progress_type": "info",
                                "percent": {
                                    "unit": "%",
                                    "size": 70,
                                    "sizes": []
                                },
                                "display_percentage": "hide",
                                "inner_text": "",
                                "bar_height": {
                                    "unit": "px",
                                    "size": 3,
                                    "sizes": []
                                },
                                "bar_border_radius": {
                                    "unit": "px",
                                    "size": 0,
                                    "sizes": []
                                },
                                "_animation": "fadeInDown",
                                "_element_width_tablet": "initial",
                                "_element_width_mobile": "initial",
                                "_element_custom_width_tablet": {
                                    "unit": "px",
                                    "size": 430,
                                    "sizes": []
                                },
                                "_element_custom_width_mobile": {
                                    "unit": "px",
                                    "size": 350,
                                    "sizes": []
                                },
                                "__globals__": {
                                    "bar_color": "globals\/colors?id=primary",
                                    "title_color": "globals\/colors?id=primary",
                                    "typography_typography": "globals\/typography?id=857a9ea"
                                }
                            },
                            "elements": [],
                            "isInner": false,
                            "widgetType": "progress",
                            "elType": "widget"
                        },
                        {
                            "id": "21fd38",
                            "settings": {
                                "space": {
                                    "unit": "px",
                                    "size": 100,
                                    "sizes": []
                                },
                                "space_mobile": {
                                    "unit": "px",
                                    "size": 102,
                                    "sizes": []
                                }
                            },
                            "elements": [],
                            "isInner": false,
                            "widgetType": "spacer",
                            "elType": "widget"
                        }
                    ],
                    "isInner": false,
                    "elType": "column"
                }
            ],
            "isInner": false,
            "elType": "section"
        }
    ]
}