{
    "version": "0.4",
    "title": "About | Section &#8211; Nikicivi Kit &#8211; 4",
    "type": "section",
    "metadata": {
        "template_type": "section-about",
        "include_in_zip": "1",
        "elementor_pro_required": null,
        "wp_page_template": "default"
    },
    "content": [
        {
            "id": "5edbf73d",
            "settings": {
                "layout": "full_width",
                "structure": "20",
                "background_background": "classic",
                "_title": "About Me - Nikicivi - 4"
            },
            "elements": [
                {
                    "id": "287150d",
                    "settings": {
                        "_column_size": 50,
                        "_inline_size": null,
                        "background_background": "classic",
                        "background_position": "top center",
                        "background_repeat": "no-repeat",
                        "background_size": "initial",
                        "background_bg_width": {
                            "unit": "%",
                            "size": 59,
                            "sizes": []
                        },
                        "background_overlay_background": "classic",
                        "background_overlay_repeat": "no-repeat",
                        "background_overlay_size": "cover",
                        "background_overlay_opacity": {
                            "unit": "px",
                            "size": 1,
                            "sizes": []
                        },
                        "padding": {
                            "unit": "px",
                            "top": "0",
                            "right": "25",
                            "bottom": "0",
                            "left": "55",
                            "isLinked": false
                        },
                        "padding_mobile": {
                            "unit": "px",
                            "top": "0",
                            "right": "25",
                            "bottom": "0",
                            "left": "25",
                            "isLinked": false
                        },
                        "_title": "Image + Caption"
                    },
                    "elements": [
                        {
                            "id": "269d2b1a",
                            "settings": {
                                "space": {
                                    "unit": "px",
                                    "size": 149,
                                    "sizes": []
                                },
                                "space_tablet": {
                                    "unit": "px",
                                    "size": 86,
                                    "sizes": []
                                }
                            },
                            "elements": [],
                            "isInner": false,
                            "widgetType": "spacer",
                            "elType": "widget"
                        },
                        {
                            "id": "16f9ee38",
                            "settings": {
                                "image": {
                                    "url": "https:\/\/templatekit.hellokuro.com\/nikicivi\/wp-content\/uploads\/2021\/04\/hello-im-niki-photo-nikicivi.jpg",
                                    "id": 3188
                                },
                                "image_size": "full",
                                "align": "center",
                                "width": {
                                    "unit": "%",
                                    "size": 76,
                                    "sizes": []
                                },
                                "width_tablet": {
                                    "unit": "%",
                                    "size": 83,
                                    "sizes": []
                                },
                                "_animation": "fadeIn",
                                "_animation_delay": 200,
                                "width_mobile": {
                                    "unit": "%",
                                    "size": 90,
                                    "sizes": []
                                }
                            },
                            "elements": [],
                            "isInner": false,
                            "widgetType": "image",
                            "elType": "widget"
                        },
                        {
                            "id": "4ec7e70b",
                            "settings": {
                                "image": {
                                    "url": "https:\/\/templatekit.hellokuro.com\/nikicivi\/wp-content\/uploads\/2021\/04\/frame-about-nikicivi-3.png",
                                    "id": 1730
                                },
                                "image_size": "full",
                                "_element_width_tablet": "initial",
                                "_element_custom_width": {
                                    "unit": "px",
                                    "size": 482,
                                    "sizes": []
                                },
                                "_element_custom_width_tablet": {
                                    "unit": "px",
                                    "size": 335,
                                    "sizes": []
                                },
                                "_element_custom_width_mobile": {
                                    "unit": "px",
                                    "size": 309,
                                    "sizes": []
                                },
                                "_offset_x": {
                                    "unit": "px",
                                    "size": 86,
                                    "sizes": []
                                },
                                "_offset_x_tablet": {
                                    "unit": "px",
                                    "size": 11,
                                    "sizes": []
                                },
                                "_offset_x_mobile": {
                                    "unit": "px",
                                    "size": 31,
                                    "sizes": []
                                },
                                "_offset_y": {
                                    "size": 136,
                                    "unit": "px"
                                },
                                "_offset_y_tablet": {
                                    "unit": "px",
                                    "size": 82,
                                    "sizes": []
                                },
                                "_offset_y_mobile": {
                                    "size": 86,
                                    "unit": "px"
                                },
                                "_offset_orientation_h": "end",
                                "_offset_x_end": {
                                    "size": 1.1,
                                    "unit": "px"
                                },
                                "_offset_x_end_tablet": {
                                    "unit": "px",
                                    "size": -13,
                                    "sizes": []
                                },
                                "_offset_x_end_mobile": {
                                    "unit": "px",
                                    "size": 4.8,
                                    "sizes": []
                                },
                                "_animation": "fadeIn",
                                "_animation_delay": 500,
                                "width": {
                                    "unit": "%",
                                    "size": 90,
                                    "sizes": []
                                },
                                "width_mobile": {
                                    "unit": "%",
                                    "size": 100,
                                    "sizes": []
                                },
                                "space": {
                                    "unit": "%",
                                    "size": 100,
                                    "sizes": []
                                },
                                "height_tablet": {
                                    "unit": "px",
                                    "size": 327,
                                    "sizes": []
                                },
                                "height_mobile": {
                                    "unit": "px",
                                    "size": 384,
                                    "sizes": []
                                },
                                "_title": "Image",
                                "width_tablet": {
                                    "unit": "%",
                                    "size": 100,
                                    "sizes": []
                                },
                                "_margin": {
                                    "unit": "px",
                                    "top": "-542",
                                    "right": "0",
                                    "bottom": "0",
                                    "left": "0",
                                    "isLinked": false
                                },
                                "_margin_tablet": {
                                    "unit": "px",
                                    "top": "-318",
                                    "right": "0",
                                    "bottom": "0",
                                    "left": "0",
                                    "isLinked": false
                                },
                                "_margin_mobile": {
                                    "unit": "px",
                                    "top": "-374",
                                    "right": "0",
                                    "bottom": "0",
                                    "left": "0",
                                    "isLinked": false
                                }
                            },
                            "elements": [],
                            "isInner": false,
                            "widgetType": "image",
                            "elType": "widget"
                        },
                        {
                            "id": "462f3a68",
                            "settings": {
                                "editor": "<p>Digital Product &amp; <br \/>Startup Entrepreneur<\/p>",
                                "text_color": "#6E2908",
                                "_margin": {
                                    "unit": "px",
                                    "top": "-70",
                                    "right": "75",
                                    "bottom": "0",
                                    "left": "71",
                                    "isLinked": false
                                },
                                "_margin_tablet": {
                                    "unit": "px",
                                    "top": "-49",
                                    "right": "27",
                                    "bottom": "0",
                                    "left": "26",
                                    "isLinked": false
                                },
                                "_margin_mobile": {
                                    "unit": "px",
                                    "top": "-51",
                                    "right": "17",
                                    "bottom": "0",
                                    "left": "17",
                                    "isLinked": false
                                },
                                "_padding": {
                                    "unit": "px",
                                    "top": "35",
                                    "right": "2",
                                    "bottom": "32",
                                    "left": "2",
                                    "isLinked": false
                                },
                                "_background_background": "classic",
                                "_offset_orientation_v": "end",
                                "_offset_y": {
                                    "unit": "px",
                                    "size": 503,
                                    "sizes": []
                                },
                                "_offset_y_end": {
                                    "unit": "px",
                                    "size": "",
                                    "sizes": []
                                },
                                "_offset_y_end_tablet": {
                                    "unit": "px",
                                    "size": 0,
                                    "sizes": []
                                },
                                "_offset_y_end_mobile": {
                                    "unit": "px",
                                    "size": 6,
                                    "sizes": []
                                },
                                "_animation": "fadeInLeft",
                                "align": "center",
                                "align_mobile": "center",
                                "_animation_tablet": "none",
                                "_title": "Text Editor",
                                "_padding_tablet": {
                                    "unit": "px",
                                    "top": "35",
                                    "right": "20",
                                    "bottom": "32",
                                    "left": "20",
                                    "isLinked": false
                                },
                                "__globals__": {
                                    "text_color": "globals\/colors?id=2723215",
                                    "typography_typography": "globals\/typography?id=ce617f6",
                                    "_background_color": "globals\/colors?id=accent"
                                }
                            },
                            "elements": [],
                            "isInner": false,
                            "widgetType": "text-editor",
                            "elType": "widget"
                        },
                        {
                            "id": "710e65f3",
                            "settings": {
                                "space": {
                                    "unit": "px",
                                    "size": 115,
                                    "sizes": []
                                },
                                "space_mobile": {
                                    "unit": "px",
                                    "size": 30,
                                    "sizes": []
                                }
                            },
                            "elements": [],
                            "isInner": false,
                            "widgetType": "spacer",
                            "elType": "widget"
                        }
                    ],
                    "isInner": false,
                    "elType": "column"
                },
                {
                    "id": "3c669080",
                    "settings": {
                        "_column_size": 50,
                        "_inline_size": null,
                        "background_background": "classic",
                        "padding": {
                            "unit": "px",
                            "top": "0",
                            "right": "73",
                            "bottom": "0",
                            "left": "60",
                            "isLinked": false
                        },
                        "padding_tablet": {
                            "unit": "px",
                            "top": "0",
                            "right": "14",
                            "bottom": "0",
                            "left": "28",
                            "isLinked": false
                        },
                        "padding_mobile": {
                            "unit": "px",
                            "top": "0",
                            "right": "25",
                            "bottom": "0",
                            "left": "25",
                            "isLinked": false
                        },
                        "_title": "Description + Button"
                    },
                    "elements": [
                        {
                            "id": "41f9f81c",
                            "settings": {
                                "space": {
                                    "unit": "px",
                                    "size": 156,
                                    "sizes": []
                                },
                                "space_mobile": {
                                    "unit": "px",
                                    "size": 77,
                                    "sizes": []
                                },
                                "space_tablet": {
                                    "unit": "px",
                                    "size": 93,
                                    "sizes": []
                                }
                            },
                            "elements": [],
                            "isInner": false,
                            "widgetType": "spacer",
                            "elType": "widget"
                        },
                        {
                            "id": "31e0fc1a",
                            "settings": {
                                "title": "Hello, I\u2019m\nNiki Civinemz",
                                "_margin": {
                                    "unit": "px",
                                    "top": "-14",
                                    "right": "0",
                                    "bottom": "0",
                                    "left": "0",
                                    "isLinked": false
                                },
                                "_padding": {
                                    "unit": "px",
                                    "top": "0",
                                    "right": "0",
                                    "bottom": "0",
                                    "left": "0",
                                    "isLinked": false
                                },
                                "_animation": "fadeInLeft",
                                "__globals__": {
                                    "typography_typography": "globals\/typography?id=a20c8f0",
                                    "title_color": "globals\/colors?id=primary"
                                }
                            },
                            "elements": [],
                            "isInner": false,
                            "widgetType": "heading",
                            "elType": "widget"
                        },
                        {
                            "id": "22187276",
                            "settings": {
                                "editor": "<p>Lorem ipsum dolor sit amet, consectetur adipiscing elit, sed do eiusmod tempor incididunt ut labore et dolore magna aliqua. Vitae aliquet nec ullamcorper sit amet risus nullam eget. Sed viverra tellus in hac habitasse platea dictumst.<br \/><br \/>Lorem ipsum dolor sit amet, consectetur adipiscing elit, sed do eiusmod tempor incididunt ut labore et dolore magna aliqua. Vitae aliquet nec ullamcorper sit amet risus nullam eget. Sed viverra tellus in hac habitasse platea dictumst.<\/p>",
                                "_animation": "fadeInDown",
                                "_margin": {
                                    "unit": "px",
                                    "top": "12",
                                    "right": "0",
                                    "bottom": "0",
                                    "left": "0",
                                    "isLinked": false
                                },
                                "__globals__": {
                                    "text_color": "globals\/colors?id=text",
                                    "typography_typography": "globals\/typography?id=text"
                                }
                            },
                            "elements": [],
                            "isInner": false,
                            "widgetType": "text-editor",
                            "elType": "widget"
                        },
                        {
                            "id": "56117c71",
                            "settings": {
                                "space": {
                                    "unit": "px",
                                    "size": 45,
                                    "sizes": []
                                },
                                "space_tablet": {
                                    "unit": "px",
                                    "size": 19,
                                    "sizes": []
                                },
                                "space_mobile": {
                                    "unit": "px",
                                    "size": 10,
                                    "sizes": []
                                }
                            },
                            "elements": [],
                            "isInner": false,
                            "widgetType": "spacer",
                            "elType": "widget"
                        },
                        {
                            "id": "6a8be663",
                            "settings": {
                                "text": "Download CV",
                                "_animation": "fadeInUp"
                            },
                            "elements": [],
                            "isInner": false,
                            "widgetType": "button",
                            "elType": "widget"
                        },
                        {
                            "id": "153e7d05",
                            "settings": {
                                "space": {
                                    "unit": "px",
                                    "size": 156,
                                    "sizes": []
                                },
                                "space_tablet": {
                                    "unit": "px",
                                    "size": 86,
                                    "sizes": []
                                }
                            },
                            "elements": [],
                            "isInner": false,
                            "widgetType": "spacer",
                            "elType": "widget"
                        }
                    ],
                    "isInner": false,
                    "elType": "column"
                }
            ],
            "isInner": false,
            "elType": "section"
        }
    ]
}