{
    "version": "0.4",
    "title": "Blog &#8211; Nikicivi Kit",
    "type": "section",
    "metadata": {
        "template_type": "archive-blog",
        "include_in_zip": "1",
        "elementor_pro_required": null,
        "wp_page_template": "default"
    },
    "content": [
        {
            "id": "11a791dd",
            "settings": {
                "background_background": "classic",
                "background_overlay_background": "classic",
                "background_overlay_image": {
                    "url": "https:\/\/templatekit.hellokuro.com\/nikicivi\/wp-content\/uploads\/2021\/03\/background-n.png",
                    "id": 162
                },
                "background_overlay_position": "initial",
                "background_overlay_size": "auto",
                "background_overlay_opacity": {
                    "unit": "px",
                    "size": 0.39,
                    "sizes": []
                },
                "background_overlay_position_tablet": "initial",
                "background_overlay_position_mobile": "initial",
                "background_overlay_xpos": {
                    "unit": "px",
                    "size": -193,
                    "sizes": []
                },
                "background_overlay_xpos_tablet": {
                    "unit": "px",
                    "size": -156,
                    "sizes": []
                },
                "background_overlay_xpos_mobile": {
                    "unit": "px",
                    "size": -184,
                    "sizes": []
                },
                "background_overlay_ypos_mobile": {
                    "unit": "px",
                    "size": -119,
                    "sizes": []
                },
                "background_overlay_repeat_mobile": "no-repeat",
                "padding_tablet": {
                    "unit": "px",
                    "top": "0",
                    "right": "15",
                    "bottom": "0",
                    "left": "15",
                    "isLinked": false
                },
                "padding_mobile": {
                    "unit": "px",
                    "top": "0",
                    "right": "15",
                    "bottom": "0",
                    "left": "15",
                    "isLinked": false
                },
                "background_overlay_ypos": {
                    "unit": "px",
                    "size": -147,
                    "sizes": []
                },
                "background_overlay_ypos_tablet": {
                    "unit": "px",
                    "size": -239,
                    "sizes": []
                },
                "text_align": "center",
                "_title": "Title | Black - Nikicivi",
                "__globals__": {
                    "background_color": "globals\/colors?id=primary"
                }
            },
            "elements": [
                {
                    "id": "76ac4cd5",
                    "settings": {
                        "_column_size": 100,
                        "_inline_size": null
                    },
                    "elements": [
                        {
                            "id": "14a136ba",
                            "settings": {
                                "space": {
                                    "unit": "px",
                                    "size": 115,
                                    "sizes": []
                                },
                                "space_tablet": {
                                    "unit": "px",
                                    "size": 110,
                                    "sizes": []
                                },
                                "space_mobile": {
                                    "unit": "px",
                                    "size": 130,
                                    "sizes": []
                                },
                                "_title": "Spacer"
                            },
                            "elements": [],
                            "isInner": false,
                            "widgetType": "spacer",
                            "elType": "widget"
                        },
                        {
                            "id": "6b809aec",
                            "settings": {
                                "title": "Blog",
                                "align": "center",
                                "__globals__": {
                                    "title_color": "globals\/colors?id=937ce6e",
                                    "typography_typography": "globals\/typography?id=a20c8f0"
                                },
                                "_animation": "fadeInDown"
                            },
                            "elements": [],
                            "isInner": false,
                            "widgetType": "heading",
                            "elType": "widget"
                        },
                        {
                            "id": "43c5d35f",
                            "settings": {
                                "editor": "<p>Lorem ipsum dolor sit amet, consectetur adipiscing elit,<br \/>sed doeiusmod tempor incididunt ut labore et dolore magna<\/p>",
                                "align_mobile": "center",
                                "_animation": "fadeInUp",
                                "align": "center",
                                "_margin": {
                                    "unit": "px",
                                    "top": "20",
                                    "right": "0",
                                    "bottom": "0",
                                    "left": "0",
                                    "isLinked": false
                                },
                                "__globals__": {
                                    "text_color": "globals\/colors?id=text",
                                    "typography_typography": "globals\/typography?id=text"
                                }
                            },
                            "elements": [],
                            "isInner": false,
                            "widgetType": "text-editor",
                            "elType": "widget"
                        },
                        {
                            "id": "6116c705",
                            "settings": {
                                "space": {
                                    "unit": "px",
                                    "size": 108,
                                    "sizes": []
                                },
                                "space_tablet": {
                                    "unit": "px",
                                    "size": 110,
                                    "sizes": []
                                },
                                "space_mobile": {
                                    "unit": "px",
                                    "size": 130,
                                    "sizes": []
                                }
                            },
                            "elements": [],
                            "isInner": false,
                            "widgetType": "spacer",
                            "elType": "widget"
                        }
                    ],
                    "isInner": false,
                    "elType": "column"
                }
            ],
            "isInner": false,
            "elType": "section"
        },
        {
            "id": "6770914b",
            "settings": {
                "z_index": 10,
                "z_index_tablet": 10,
                "_title": "Up Arrow",
                "margin": {
                    "unit": "px",
                    "top": "-38",
                    "right": 0,
                    "bottom": "0",
                    "left": 0,
                    "isLinked": false
                }
            },
            "elements": [
                {
                    "id": "29b6cbd8",
                    "settings": {
                        "_column_size": 100,
                        "_inline_size": null
                    },
                    "elements": [
                        {
                            "id": "511bdb9a",
                            "settings": {
                                "selected_icon": {
                                    "value": "fas fa-angle-up",
                                    "library": "fa-solid"
                                },
                                "view": "stacked",
                                "link": {
                                    "url": "#top",
                                    "is_external": "",
                                    "nofollow": "",
                                    "custom_attributes": ""
                                },
                                "primary_color": "#78777B87",
                                "size": {
                                    "unit": "px",
                                    "size": 20,
                                    "sizes": []
                                },
                                "size_tablet": {
                                    "unit": "px",
                                    "size": 16,
                                    "sizes": []
                                },
                                "size_mobile": {
                                    "unit": "px",
                                    "size": 15,
                                    "sizes": []
                                },
                                "motion_fx_motion_fx_scrolling": "yes",
                                "motion_fx_translateY_effect": "yes",
                                "motion_fx_translateY_speed": {
                                    "unit": "px",
                                    "size": 2,
                                    "sizes": []
                                },
                                "_element_width": "auto",
                                "_element_vertical_align": "flex-end",
                                "_position": "fixed",
                                "_offset_orientation_h": "end",
                                "_offset_x_end": {
                                    "unit": "px",
                                    "size": 11.4,
                                    "sizes": []
                                },
                                "_offset_orientation_v": "end",
                                "_offset_y_end": {
                                    "unit": "px",
                                    "size": 47,
                                    "sizes": []
                                },
                                "_offset_y_end_mobile": {
                                    "unit": "px",
                                    "size": -19,
                                    "sizes": []
                                },
                                "_offset_y_end_tablet": {
                                    "unit": "px",
                                    "size": -21,
                                    "sizes": []
                                }
                            },
                            "elements": [],
                            "isInner": false,
                            "widgetType": "icon",
                            "elType": "widget"
                        }
                    ],
                    "isInner": false,
                    "elType": "column"
                }
            ],
            "isInner": false,
            "elType": "section"
        },
        {
            "id": "4dc18659",
            "settings": {
                "_title": "Blog | Latest News - Nikicivi - 2"
            },
            "elements": [
                {
                    "id": "2638c22",
                    "settings": {
                        "_column_size": 100,
                        "_inline_size": null
                    },
                    "elements": [
                        {
                            "id": "7570108",
                            "settings": [],
                            "elements": [],
                            "isInner": false,
                            "widgetType": "spacer",
                            "elType": "widget"
                        }
                    ],
                    "isInner": false,
                    "elType": "column"
                }
            ],
            "isInner": false,
            "elType": "section"
        },
        {
            "id": "145cd363",
            "settings": {
                "_title": "Blog"
            },
            "elements": [
                {
                    "id": "1e734cf5",
                    "settings": {
                        "_column_size": 100,
                        "_inline_size": null,
                        "padding": {
                            "unit": "px",
                            "top": "0",
                            "right": "15",
                            "bottom": "0",
                            "left": "15",
                            "isLinked": false
                        },
                        "padding_mobile": {
                            "unit": "px",
                            "top": "0",
                            "right": "25",
                            "bottom": "0",
                            "left": "25",
                            "isLinked": false
                        }
                    },
                    "elements": [
                        {
                            "id": "3ae4e3aa",
                            "settings": {
                                "space": {
                                    "unit": "px",
                                    "size": 15,
                                    "sizes": []
                                },
                                "space_mobile": {
                                    "unit": "px",
                                    "size": 14,
                                    "sizes": []
                                }
                            },
                            "elements": [],
                            "isInner": false,
                            "widgetType": "spacer",
                            "elType": "widget"
                        },
                        {
                            "id": "d43fb5a",
                            "settings": {
                                "_skin": "cards",
                                "classic_columns": "2",
                                "classic_meta_separator": "\/\/\/",
                                "classic_read_more_text": "Read More \u00bb",
                                "cards_columns": "2",
                                "cards_meta_separator": "\u2022",
                                "cards_read_more_text": "Read More \u00bb",
                                "full_content_meta_separator": "\/\/\/",
                                "pagination_page_limit": "5",
                                "pagination_prev_label": "&laquo; Previous",
                                "pagination_next_label": "Next &raquo;",
                                "cards_masonry": "yes",
                                "cards_open_new_tab": "yes",
                                "cards_show_badge": "",
                                "cards_show_avatar": "",
                                "cards_posts_per_page": 4,
                                "_animation": "fadeIn",
                                "__globals__": {
                                    "cards_title_color": "globals\/colors?id=text",
                                    "cards_title_typography_typography": "globals\/typography?id=469a0e8",
                                    "cards_read_more_color": "globals\/colors?id=primary",
                                    "cards_read_more_typography_typography": "globals\/typography?id=secondary",
                                    "cards_excerpt_color": "globals\/colors?id=text",
                                    "cards_excerpt_typography_typography": "globals\/typography?id=text",
                                    "cards_meta_color": "",
                                    "pagination_color": "globals\/colors?id=primary",
                                    "pagination_hover_color": "globals\/colors?id=accent",
                                    "pagination_active_color": "globals\/colors?id=b7dcd50",
                                    "pagination_typography_typography": "globals\/typography?id=857a9ea",
                                    "cards_card_bg_color": "globals\/colors?id=a315964"
                                },
                                "pagination_type": "numbers_and_prev_next",
                                "pagination_spacing": {
                                    "unit": "px",
                                    "size": 30,
                                    "sizes": []
                                },
                                "pagination_spacing_top": {
                                    "unit": "px",
                                    "size": 58,
                                    "sizes": []
                                }
                            },
                            "elements": [],
                            "isInner": false,
                            "widgetType": "posts",
                            "elType": "widget"
                        },
                        {
                            "id": "5a1df13d",
                            "settings": {
                                "space": {
                                    "unit": "px",
                                    "size": 96,
                                    "sizes": []
                                },
                                "space_mobile": {
                                    "unit": "px",
                                    "size": 70,
                                    "sizes": []
                                },
                                "space_tablet": {
                                    "unit": "px",
                                    "size": 60,
                                    "sizes": []
                                }
                            },
                            "elements": [],
                            "isInner": false,
                            "widgetType": "spacer",
                            "elType": "widget"
                        }
                    ],
                    "isInner": false,
                    "elType": "column"
                }
            ],
            "isInner": false,
            "elType": "section"
        }
    ]
}