{
    "version": "0.4",
    "title": "Contact | Section &#8211; Nikicivi Kit",
    "type": "section",
    "metadata": {
        "template_type": "section-contact",
        "include_in_zip": "1",
        "elementor_pro_required": null,
        "wp_page_template": "default"
    },
    "content": [
        {
            "id": "2b4157a1",
            "settings": {
                "margin": {
                    "unit": "px",
                    "top": "0",
                    "right": 0,
                    "bottom": "0",
                    "left": 0,
                    "isLinked": false
                },
                "_title": "Image"
            },
            "elements": [
                {
                    "id": "fbd59b9",
                    "settings": {
                        "_column_size": 100,
                        "_inline_size": null
                    },
                    "elements": [
                        {
                            "id": "22695418",
                            "settings": {
                                "image": {
                                    "url": "https:\/\/templatekit.hellokuro.com\/nikicivi\/wp-content\/uploads\/2021\/04\/contact-nikicivi-photo.jpg",
                                    "id": 3184
                                },
                                "image_size": "full",
                                "width": {
                                    "unit": "%",
                                    "size": 19,
                                    "sizes": []
                                },
                                "image_border_border": "solid",
                                "image_border_width": {
                                    "unit": "px",
                                    "top": "22",
                                    "right": "22",
                                    "bottom": "22",
                                    "left": "22",
                                    "isLinked": true
                                },
                                "image_border_radius": {
                                    "unit": "px",
                                    "top": "135",
                                    "right": "135",
                                    "bottom": "135",
                                    "left": "135",
                                    "isLinked": true
                                },
                                "_offset_orientation_v": "end",
                                "_offset_y": {
                                    "unit": "px",
                                    "size": -1000,
                                    "sizes": []
                                },
                                "_offset_y_end": {
                                    "unit": "px",
                                    "size": 874,
                                    "sizes": []
                                },
                                "width_tablet": {
                                    "unit": "%",
                                    "size": 26,
                                    "sizes": []
                                },
                                "width_mobile": {
                                    "unit": "%",
                                    "size": 42,
                                    "sizes": []
                                },
                                "image_border_width_tablet": {
                                    "unit": "px",
                                    "top": "13",
                                    "right": "13",
                                    "bottom": "13",
                                    "left": "13",
                                    "isLinked": true
                                },
                                "image_border_width_mobile": {
                                    "unit": "px",
                                    "top": "12",
                                    "right": "12",
                                    "bottom": "12",
                                    "left": "12",
                                    "isLinked": true
                                },
                                "_animation": "fadeInDown",
                                "_offset_y_tablet": {
                                    "unit": "px",
                                    "size": -1000,
                                    "sizes": []
                                },
                                "_offset_y_mobile": {
                                    "unit": "px",
                                    "size": -1000,
                                    "sizes": []
                                },
                                "_offset_y_end_tablet": {
                                    "unit": "px",
                                    "size": 660,
                                    "sizes": []
                                },
                                "_offset_y_end_mobile": {
                                    "unit": "px",
                                    "size": 880,
                                    "sizes": []
                                },
                                "_margin": {
                                    "unit": "px",
                                    "top": "138",
                                    "right": "0",
                                    "bottom": "0",
                                    "left": "0",
                                    "isLinked": false
                                },
                                "_margin_tablet": {
                                    "unit": "px",
                                    "top": "74",
                                    "right": "0",
                                    "bottom": "0",
                                    "left": "0",
                                    "isLinked": false
                                },
                                "_margin_mobile": {
                                    "unit": "px",
                                    "top": "101",
                                    "right": "0",
                                    "bottom": "0",
                                    "left": "0",
                                    "isLinked": false
                                },
                                "_z_index": 1,
                                "__globals__": {
                                    "image_border_color": "globals\/colors?id=937ce6e"
                                }
                            },
                            "elements": [],
                            "isInner": false,
                            "widgetType": "image",
                            "elType": "widget"
                        }
                    ],
                    "isInner": false,
                    "elType": "column"
                }
            ],
            "isInner": false,
            "elType": "section"
        },
        {
            "id": "611afe5",
            "settings": {
                "background_background": "classic",
                "margin": {
                    "unit": "px",
                    "top": "-351",
                    "right": 0,
                    "bottom": "0",
                    "left": 0,
                    "isLinked": false
                },
                "margin_tablet": {
                    "unit": "px",
                    "top": "-286",
                    "right": 0,
                    "bottom": "-286",
                    "left": 0,
                    "isLinked": true
                },
                "margin_mobile": {
                    "unit": "px",
                    "top": "-259",
                    "right": 0,
                    "bottom": "0",
                    "left": 0,
                    "isLinked": false
                },
                "_title": "Contact - Nikicivi",
                "padding": {
                    "unit": "px",
                    "top": "200",
                    "right": "200",
                    "bottom": "200",
                    "left": "200",
                    "isLinked": false
                },
                "padding_tablet": {
                    "unit": "px",
                    "top": "170",
                    "right": "50",
                    "bottom": "420",
                    "left": "50",
                    "isLinked": false
                },
                "padding_mobile": {
                    "unit": "px",
                    "top": "182",
                    "right": "20",
                    "bottom": "150",
                    "left": "20",
                    "isLinked": false
                },
                "__globals__": {
                    "background_color": "globals\/colors?id=a315964"
                }
            },
            "elements": [
                {
                    "id": "6708a709",
                    "settings": {
                        "_column_size": 100,
                        "_inline_size": null,
                        "padding": {
                            "unit": "px",
                            "top": "0",
                            "right": "95",
                            "bottom": "0",
                            "left": "95",
                            "isLinked": false
                        },
                        "padding_mobile": {
                            "unit": "px",
                            "top": "0",
                            "right": "45",
                            "bottom": "0",
                            "left": "45",
                            "isLinked": false
                        },
                        "background_background": "classic",
                        "box_shadow_box_shadow_type": "yes",
                        "box_shadow_box_shadow": {
                            "horizontal": 0,
                            "vertical": 0,
                            "blur": 28,
                            "spread": -8,
                            "color": "rgba(0,0,0,0.5)"
                        },
                        "__globals__": {
                            "background_color": "globals\/colors?id=937ce6e"
                        },
                        "_title": "Im Available"
                    },
                    "elements": [
                        {
                            "id": "282150f6",
                            "settings": {
                                "space": {
                                    "unit": "px",
                                    "size": 155,
                                    "sizes": []
                                },
                                "space_mobile": {
                                    "unit": "px",
                                    "size": 108,
                                    "sizes": []
                                }
                            },
                            "elements": [],
                            "isInner": false,
                            "widgetType": "spacer",
                            "elType": "widget"
                        },
                        {
                            "id": "3cf23b28",
                            "settings": {
                                "title": "I\u2019m Available For Freelance",
                                "_animation": "fadeInLeft",
                                "__globals__": {
                                    "typography_typography": "globals\/typography?id=a280988",
                                    "title_color": "globals\/colors?id=primary"
                                },
                                "align": "center",
                                "_title": "Heading"
                            },
                            "elements": [],
                            "isInner": false,
                            "widgetType": "heading",
                            "elType": "widget"
                        },
                        {
                            "id": "6c26cace",
                            "settings": {
                                "editor": "<p>Lorem ipsum dolor sit amet, consectetur adipiscing elit, sed do eiusmod tempor incididunt ut labore et dolore magnaali qua. Vitae aliquet nec ullamcorper sit amet risus nullam.\u00a0<\/p>",
                                "align": "center",
                                "text_color": "#000000",
                                "_padding": {
                                    "unit": "px",
                                    "top": "0",
                                    "right": "145",
                                    "bottom": "0",
                                    "left": "145",
                                    "isLinked": false
                                },
                                "_background_background": "classic",
                                "_box_shadow_box_shadow": {
                                    "horizontal": 0,
                                    "vertical": 0,
                                    "blur": 28,
                                    "spread": -8,
                                    "color": "rgba(0,0,0,0.5)"
                                },
                                "_title": "Text Editor",
                                "_padding_tablet": {
                                    "unit": "px",
                                    "top": "30",
                                    "right": "0",
                                    "bottom": "12",
                                    "left": "0",
                                    "isLinked": false
                                },
                                "_padding_mobile": {
                                    "unit": "px",
                                    "top": "12",
                                    "right": "25",
                                    "bottom": "0",
                                    "left": "25",
                                    "isLinked": false
                                },
                                "_animation": "fadeIn",
                                "__globals__": {
                                    "text_color": "globals\/colors?id=text",
                                    "typography_typography": "globals\/typography?id=text"
                                }
                            },
                            "elements": [],
                            "isInner": false,
                            "widgetType": "text-editor",
                            "elType": "widget"
                        },
                        {
                            "id": "69b2cad3",
                            "settings": {
                                "space": {
                                    "unit": "px",
                                    "size": 26,
                                    "sizes": []
                                },
                                "space_mobile": {
                                    "unit": "px",
                                    "size": 10,
                                    "sizes": []
                                }
                            },
                            "elements": [],
                            "isInner": false,
                            "widgetType": "spacer",
                            "elType": "widget"
                        },
                        {
                            "id": "37cdce87",
                            "settings": {
                                "structure": "30",
                                "_title": "Email & Phone"
                            },
                            "elements": [
                                {
                                    "id": "28e310a8",
                                    "settings": {
                                        "_column_size": 33,
                                        "_inline_size": 49,
                                        "_title": "Email"
                                    },
                                    "elements": [
                                        {
                                            "id": "2ff5dad0",
                                            "settings": {
                                                "selected_icon": {
                                                    "value": "icon icon-envelope2",
                                                    "library": "ekiticons"
                                                },
                                                "view": "stacked",
                                                "title_text": "",
                                                "description_text": "niki.civi@mail.com\n\nniki.project@mail.com",
                                                "icon_size": {
                                                    "unit": "px",
                                                    "size": 35,
                                                    "sizes": []
                                                },
                                                "text_align_mobile": "center",
                                                "_padding": {
                                                    "unit": "px",
                                                    "top": "0",
                                                    "right": "25",
                                                    "bottom": "0",
                                                    "left": "25",
                                                    "isLinked": false
                                                },
                                                "_padding_mobile": {
                                                    "unit": "px",
                                                    "top": "0",
                                                    "right": "0",
                                                    "bottom": "0",
                                                    "left": "0",
                                                    "isLinked": false
                                                },
                                                "__globals__": {
                                                    "primary_color": "globals\/colors?id=primary",
                                                    "secondary_color": "globals\/colors?id=937ce6e",
                                                    "hover_primary_color": "globals\/colors?id=accent",
                                                    "hover_secondary_color": "globals\/colors?id=937ce6e",
                                                    "title_color": "globals\/colors?id=primary",
                                                    "title_typography_typography": "globals\/typography?id=ce617f6",
                                                    "description_color": "globals\/colors?id=text",
                                                    "description_typography_typography": "globals\/typography?id=text"
                                                },
                                                "_padding_tablet": {
                                                    "unit": "px",
                                                    "top": "0",
                                                    "right": "0",
                                                    "bottom": "0",
                                                    "left": "0",
                                                    "isLinked": false
                                                }
                                            },
                                            "elements": [],
                                            "isInner": false,
                                            "widgetType": "icon-box",
                                            "elType": "widget"
                                        }
                                    ],
                                    "isInner": true,
                                    "elType": "column"
                                },
                                {
                                    "id": "6b2ebfe4",
                                    "settings": {
                                        "_column_size": 33,
                                        "_inline_size": 2.331,
                                        "_title": "Orange Line"
                                    },
                                    "elements": [
                                        {
                                            "id": "45fa84da",
                                            "settings": {
                                                "space": {
                                                    "unit": "px",
                                                    "size": 178,
                                                    "sizes": []
                                                },
                                                "space_mobile": {
                                                    "unit": "px",
                                                    "size": 58,
                                                    "sizes": []
                                                },
                                                "_background_background": "classic",
                                                "_element_width": "initial",
                                                "_element_custom_width": {
                                                    "unit": "px",
                                                    "size": 2,
                                                    "sizes": []
                                                },
                                                "_animation": "fadeInUp",
                                                "_position": "absolute",
                                                "_offset_y": {
                                                    "unit": "px",
                                                    "size": -23,
                                                    "sizes": []
                                                },
                                                "hide_mobile": "hidden-phone",
                                                "__globals__": {
                                                    "_background_color": "globals\/colors?id=accent"
                                                }
                                            },
                                            "elements": [],
                                            "isInner": false,
                                            "widgetType": "spacer",
                                            "elType": "widget"
                                        }
                                    ],
                                    "isInner": true,
                                    "elType": "column"
                                },
                                {
                                    "id": "66e4c227",
                                    "settings": {
                                        "_column_size": 33,
                                        "_inline_size": 48,
                                        "_title": "Phone"
                                    },
                                    "elements": [
                                        {
                                            "id": "2a8dd913",
                                            "settings": {
                                                "selected_icon": {
                                                    "value": "icon icon-phone-call1",
                                                    "library": "ekiticons"
                                                },
                                                "view": "stacked",
                                                "title_text": "",
                                                "description_text": "+123 456 78910\n\n+987 654 32100",
                                                "icon_size": {
                                                    "unit": "px",
                                                    "size": 35,
                                                    "sizes": []
                                                },
                                                "text_align": "center",
                                                "_padding": {
                                                    "unit": "px",
                                                    "top": "0",
                                                    "right": "105",
                                                    "bottom": "0",
                                                    "left": "85",
                                                    "isLinked": false
                                                },
                                                "_padding_mobile": {
                                                    "unit": "px",
                                                    "top": "0",
                                                    "right": "45",
                                                    "bottom": "0",
                                                    "left": "45",
                                                    "isLinked": false
                                                },
                                                "__globals__": {
                                                    "primary_color": "globals\/colors?id=primary",
                                                    "secondary_color": "globals\/colors?id=937ce6e",
                                                    "hover_primary_color": "globals\/colors?id=accent",
                                                    "hover_secondary_color": "globals\/colors?id=937ce6e",
                                                    "title_color": "globals\/colors?id=primary",
                                                    "title_typography_typography": "globals\/typography?id=ce617f6",
                                                    "description_color": "globals\/colors?id=text",
                                                    "description_typography_typography": "globals\/typography?id=text"
                                                },
                                                "_padding_tablet": {
                                                    "unit": "px",
                                                    "top": "0",
                                                    "right": "30",
                                                    "bottom": "0",
                                                    "left": "30",
                                                    "isLinked": false
                                                }
                                            },
                                            "elements": [],
                                            "isInner": false,
                                            "widgetType": "icon-box",
                                            "elType": "widget"
                                        }
                                    ],
                                    "isInner": true,
                                    "elType": "column"
                                }
                            ],
                            "isInner": true,
                            "elType": "section"
                        },
                        {
                            "id": "57a06ce3",
                            "settings": {
                                "space": {
                                    "unit": "px",
                                    "size": 152,
                                    "sizes": []
                                },
                                "space_mobile": {
                                    "unit": "px",
                                    "size": 109,
                                    "sizes": []
                                },
                                "space_tablet": {
                                    "unit": "px",
                                    "size": 146,
                                    "sizes": []
                                }
                            },
                            "elements": [],
                            "isInner": false,
                            "widgetType": "spacer",
                            "elType": "widget"
                        }
                    ],
                    "isInner": false,
                    "elType": "column"
                }
            ],
            "isInner": false,
            "elType": "section"
        }
    ]
}