{
    "version": "0.4",
    "title": "Education | Black &#8211; Nikicivi Kit",
    "type": "section",
    "metadata": {
        "template_type": "section-about",
        "include_in_zip": "1",
        "elementor_pro_required": null,
        "wp_page_template": "default"
    },
    "content": [
        {
            "id": "61d7359f",
            "settings": {
                "layout": "full_width",
                "structure": "20",
                "background_background": "classic",
                "_title": "Education | Black - Nikicivi"
            },
            "elements": [
                {
                    "id": "6839fe73",
                    "settings": {
                        "_column_size": 50,
                        "_inline_size": null,
                        "background_background": "classic",
                        "background_position": "top center",
                        "background_repeat": "no-repeat",
                        "background_size": "initial",
                        "background_bg_width": {
                            "unit": "%",
                            "size": 59,
                            "sizes": []
                        },
                        "background_overlay_background": "classic",
                        "background_overlay_repeat": "no-repeat",
                        "background_overlay_size": "cover",
                        "background_overlay_opacity": {
                            "unit": "px",
                            "size": 1,
                            "sizes": []
                        },
                        "_title": "Photo + Qualification",
                        "__globals__": {
                            "background_color": "globals\/colors?id=primary"
                        }
                    },
                    "elements": [
                        {
                            "id": "264d1643",
                            "settings": {
                                "space": {
                                    "unit": "px",
                                    "size": 149,
                                    "sizes": []
                                }
                            },
                            "elements": [],
                            "isInner": false,
                            "widgetType": "spacer",
                            "elType": "widget"
                        },
                        {
                            "id": "11a8a34a",
                            "settings": {
                                "image": {
                                    "url": "https:\/\/templatekit.hellokuro.com\/nikicivi\/wp-content\/uploads\/2021\/03\/education-black-nikicivi-photo.jpg",
                                    "id": 3111
                                },
                                "image_size": "full",
                                "align": "center",
                                "width": {
                                    "unit": "%",
                                    "size": 54,
                                    "sizes": []
                                },
                                "width_tablet": {
                                    "unit": "%",
                                    "size": 69,
                                    "sizes": []
                                },
                                "_animation": "fadeIn",
                                "_animation_delay": 200,
                                "align_mobile": "center"
                            },
                            "elements": [],
                            "isInner": false,
                            "widgetType": "image",
                            "elType": "widget"
                        },
                        {
                            "id": "5d7aed96",
                            "settings": {
                                "title": "Qualification",
                                "header_size": "h3",
                                "_margin": {
                                    "unit": "px",
                                    "top": "-253",
                                    "right": "302",
                                    "bottom": "0",
                                    "left": "-18",
                                    "isLinked": false
                                },
                                "_padding": {
                                    "unit": "px",
                                    "top": "25",
                                    "right": "0",
                                    "bottom": "23",
                                    "left": "95",
                                    "isLinked": false
                                },
                                "_z_index": 2,
                                "_animation": "fadeInLeft",
                                "_background_background": "classic",
                                "__globals__": {
                                    "title_color": "globals\/colors?id=937ce6e",
                                    "typography_typography": "globals\/typography?id=primary",
                                    "_background_color": "globals\/colors?id=accent"
                                },
                                "_title": "Qualification",
                                "_margin_tablet": {
                                    "unit": "px",
                                    "top": "-176",
                                    "right": "151",
                                    "bottom": "0",
                                    "left": "-45",
                                    "isLinked": false
                                },
                                "_margin_mobile": {
                                    "unit": "px",
                                    "top": "-199",
                                    "right": "144",
                                    "bottom": "0",
                                    "left": "-39",
                                    "isLinked": false
                                }
                            },
                            "elements": [],
                            "isInner": false,
                            "widgetType": "heading",
                            "elType": "widget"
                        },
                        {
                            "id": "2bc29fa1",
                            "settings": {
                                "title": "Education",
                                "header_size": "h1",
                                "_margin": {
                                    "unit": "px",
                                    "top": "-216",
                                    "right": "302",
                                    "bottom": "0",
                                    "left": "68",
                                    "isLinked": false
                                },
                                "_z_index": 2,
                                "_animation": "fadeInLeft",
                                "__globals__": {
                                    "title_color": "globals\/colors?id=text",
                                    "typography_typography": "globals\/typography?id=1430b72"
                                },
                                "_margin_tablet": {
                                    "unit": "px",
                                    "top": "-135",
                                    "right": "0",
                                    "bottom": "0",
                                    "left": "51",
                                    "isLinked": false
                                },
                                "_margin_mobile": {
                                    "unit": "px",
                                    "top": "-154",
                                    "right": "0",
                                    "bottom": "0",
                                    "left": "54",
                                    "isLinked": false
                                }
                            },
                            "elements": [],
                            "isInner": false,
                            "widgetType": "heading",
                            "elType": "widget"
                        },
                        {
                            "id": "23cc6397",
                            "settings": {
                                "space": {
                                    "unit": "px",
                                    "size": 115,
                                    "sizes": []
                                }
                            },
                            "elements": [],
                            "isInner": false,
                            "widgetType": "spacer",
                            "elType": "widget"
                        }
                    ],
                    "isInner": false,
                    "elType": "column"
                },
                {
                    "id": "68d49b2f",
                    "settings": {
                        "_column_size": 50,
                        "_inline_size": null,
                        "background_background": "classic",
                        "padding": {
                            "unit": "px",
                            "top": "0",
                            "right": "31",
                            "bottom": "0",
                            "left": "49",
                            "isLinked": false
                        },
                        "padding_tablet": {
                            "unit": "px",
                            "top": "0",
                            "right": "14",
                            "bottom": "0",
                            "left": "28",
                            "isLinked": false
                        },
                        "_title": "Education",
                        "__globals__": {
                            "background_color": "globals\/colors?id=23e41ad"
                        }
                    },
                    "elements": [
                        {
                            "id": "3e83230b",
                            "settings": {
                                "space": {
                                    "unit": "px",
                                    "size": 115,
                                    "sizes": []
                                },
                                "space_mobile": {
                                    "unit": "px",
                                    "size": 77,
                                    "sizes": []
                                }
                            },
                            "elements": [],
                            "isInner": false,
                            "widgetType": "spacer",
                            "elType": "widget"
                        },
                        {
                            "id": "5ded9296",
                            "settings": {
                                "structure": "20",
                                "_title": "2008 - 2011"
                            },
                            "elements": [
                                {
                                    "id": "38018eaa",
                                    "settings": {
                                        "_column_size": 50,
                                        "_inline_size": 85,
                                        "_title": "Master Degree"
                                    },
                                    "elements": [
                                        {
                                            "id": "304a8ed4",
                                            "settings": {
                                                "title": "University of Edupapa",
                                                "header_size": "h5",
                                                "__globals__": {
                                                    "title_color": "globals\/colors?id=68b3a46"
                                                },
                                                "_animation": "fadeInDown"
                                            },
                                            "elements": [],
                                            "isInner": false,
                                            "widgetType": "heading",
                                            "elType": "widget"
                                        },
                                        {
                                            "id": "7551d0e0",
                                            "settings": {
                                                "title": "2008 - 2011",
                                                "header_size": "h4",
                                                "__globals__": {
                                                    "title_color": "globals\/colors?id=937ce6e"
                                                },
                                                "_margin": {
                                                    "unit": "px",
                                                    "top": "-7",
                                                    "right": "0",
                                                    "bottom": "0",
                                                    "left": "0",
                                                    "isLinked": false
                                                },
                                                "_animation": "fadeInDown"
                                            },
                                            "elements": [],
                                            "isInner": false,
                                            "widgetType": "heading",
                                            "elType": "widget"
                                        },
                                        {
                                            "id": "1a80d722",
                                            "settings": {
                                                "title": "Master Degree of Design",
                                                "__globals__": {
                                                    "title_color": "globals\/colors?id=accent",
                                                    "typography_typography": "globals\/typography?id=5fde3f9"
                                                },
                                                "title_color": "#E5993B",
                                                "_margin": {
                                                    "unit": "px",
                                                    "top": "16",
                                                    "right": "0",
                                                    "bottom": "0",
                                                    "left": "0",
                                                    "isLinked": false
                                                },
                                                "_animation": "fadeInUp"
                                            },
                                            "elements": [],
                                            "isInner": false,
                                            "widgetType": "heading",
                                            "elType": "widget"
                                        },
                                        {
                                            "id": "2724bb63",
                                            "settings": {
                                                "editor": "<p>Lorem ipsum dolor sit amet, consectetur adipi scing elit, sed do eiusmod tempor incididunt ut labore et dolore magna aliqua.<\/p>",
                                                "_margin": {
                                                    "unit": "px",
                                                    "top": "0",
                                                    "right": "0",
                                                    "bottom": "0",
                                                    "left": "0",
                                                    "isLinked": false
                                                },
                                                "_animation": "fadeInDown",
                                                "__globals__": {
                                                    "text_color": "globals\/colors?id=68b3a46",
                                                    "typography_typography": "globals\/typography?id=text"
                                                }
                                            },
                                            "elements": [],
                                            "isInner": false,
                                            "widgetType": "text-editor",
                                            "elType": "widget"
                                        },
                                        {
                                            "id": "6e589b9",
                                            "settings": {
                                                "text": "Divider",
                                                "_animation": "fadeInLeft",
                                                "_padding": {
                                                    "unit": "px",
                                                    "top": "0",
                                                    "right": "68",
                                                    "bottom": "0",
                                                    "left": "0",
                                                    "isLinked": false
                                                },
                                                "__globals__": {
                                                    "color": "globals\/colors?id=accent"
                                                }
                                            },
                                            "elements": [],
                                            "isInner": false,
                                            "widgetType": "divider",
                                            "elType": "widget"
                                        }
                                    ],
                                    "isInner": true,
                                    "elType": "column"
                                },
                                {
                                    "id": "77c5b23f",
                                    "settings": {
                                        "_column_size": 50,
                                        "_inline_size": 15,
                                        "_title": "Empty"
                                    },
                                    "elements": [],
                                    "isInner": true,
                                    "elType": "column"
                                }
                            ],
                            "isInner": true,
                            "elType": "section"
                        },
                        {
                            "id": "ea396f",
                            "settings": {
                                "structure": "20",
                                "_title": "2005 - 2008"
                            },
                            "elements": [
                                {
                                    "id": "60922f6f",
                                    "settings": {
                                        "_column_size": 50,
                                        "_inline_size": 85,
                                        "_title": "Master Degree"
                                    },
                                    "elements": [
                                        {
                                            "id": "6b8a8e8b",
                                            "settings": {
                                                "title": "University of Edumama",
                                                "header_size": "h5",
                                                "__globals__": {
                                                    "title_color": "globals\/colors?id=68b3a46"
                                                },
                                                "_animation": "fadeInDown"
                                            },
                                            "elements": [],
                                            "isInner": false,
                                            "widgetType": "heading",
                                            "elType": "widget"
                                        },
                                        {
                                            "id": "13c2ce4a",
                                            "settings": {
                                                "title": "2005 - 2008",
                                                "header_size": "h4",
                                                "__globals__": {
                                                    "title_color": "globals\/colors?id=937ce6e"
                                                },
                                                "_margin": {
                                                    "unit": "px",
                                                    "top": "-7",
                                                    "right": "0",
                                                    "bottom": "0",
                                                    "left": "0",
                                                    "isLinked": false
                                                },
                                                "_animation": "fadeInDown"
                                            },
                                            "elements": [],
                                            "isInner": false,
                                            "widgetType": "heading",
                                            "elType": "widget"
                                        },
                                        {
                                            "id": "73d8f025",
                                            "settings": {
                                                "title": "Diploma of Design",
                                                "__globals__": {
                                                    "title_color": "globals\/colors?id=accent",
                                                    "typography_typography": "globals\/typography?id=5fde3f9"
                                                },
                                                "_margin": {
                                                    "unit": "px",
                                                    "top": "16",
                                                    "right": "0",
                                                    "bottom": "0",
                                                    "left": "0",
                                                    "isLinked": false
                                                },
                                                "_animation": "fadeInUp"
                                            },
                                            "elements": [],
                                            "isInner": false,
                                            "widgetType": "heading",
                                            "elType": "widget"
                                        },
                                        {
                                            "id": "5f358df9",
                                            "settings": {
                                                "editor": "<p>Lorem ipsum dolor sit amet, consectetur adipi scing elit, sed do eiusmod tempor incididunt ut labore et dolore magna aliqua.<\/p>",
                                                "_margin": {
                                                    "unit": "px",
                                                    "top": "0",
                                                    "right": "0",
                                                    "bottom": "0",
                                                    "left": "0",
                                                    "isLinked": false
                                                },
                                                "_animation": "fadeInDown",
                                                "__globals__": {
                                                    "text_color": "globals\/colors?id=68b3a46",
                                                    "typography_typography": "globals\/typography?id=text"
                                                }
                                            },
                                            "elements": [],
                                            "isInner": false,
                                            "widgetType": "text-editor",
                                            "elType": "widget"
                                        },
                                        {
                                            "id": "4a00639e",
                                            "settings": {
                                                "text": "Divider",
                                                "_animation": "fadeInLeft",
                                                "_padding": {
                                                    "unit": "px",
                                                    "top": "0",
                                                    "right": "68",
                                                    "bottom": "0",
                                                    "left": "0",
                                                    "isLinked": false
                                                },
                                                "__globals__": {
                                                    "color": "globals\/colors?id=accent"
                                                }
                                            },
                                            "elements": [],
                                            "isInner": false,
                                            "widgetType": "divider",
                                            "elType": "widget"
                                        }
                                    ],
                                    "isInner": true,
                                    "elType": "column"
                                },
                                {
                                    "id": "a52046a",
                                    "settings": {
                                        "_column_size": 50,
                                        "_inline_size": 15,
                                        "_title": "Empty"
                                    },
                                    "elements": [],
                                    "isInner": true,
                                    "elType": "column"
                                }
                            ],
                            "isInner": true,
                            "elType": "section"
                        },
                        {
                            "id": "2d47ba84",
                            "settings": {
                                "structure": "20",
                                "_title": "2002 - 2005"
                            },
                            "elements": [
                                {
                                    "id": "542ad4a8",
                                    "settings": {
                                        "_column_size": 50,
                                        "_inline_size": 85,
                                        "_title": "Master Degree"
                                    },
                                    "elements": [
                                        {
                                            "id": "2187adcc",
                                            "settings": {
                                                "title": "University of Edukaka",
                                                "header_size": "h5",
                                                "__globals__": {
                                                    "title_color": "globals\/colors?id=68b3a46"
                                                },
                                                "_animation": "fadeInDown"
                                            },
                                            "elements": [],
                                            "isInner": false,
                                            "widgetType": "heading",
                                            "elType": "widget"
                                        },
                                        {
                                            "id": "745e568c",
                                            "settings": {
                                                "title": "2002 - 2005",
                                                "header_size": "h4",
                                                "__globals__": {
                                                    "title_color": "globals\/colors?id=937ce6e"
                                                },
                                                "_margin": {
                                                    "unit": "px",
                                                    "top": "-7",
                                                    "right": "0",
                                                    "bottom": "0",
                                                    "left": "0",
                                                    "isLinked": false
                                                },
                                                "_animation": "fadeInDown"
                                            },
                                            "elements": [],
                                            "isInner": false,
                                            "widgetType": "heading",
                                            "elType": "widget"
                                        },
                                        {
                                            "id": "331942c2",
                                            "settings": {
                                                "title": "Bachelor of Art",
                                                "__globals__": {
                                                    "title_color": "globals\/colors?id=accent",
                                                    "typography_typography": "globals\/typography?id=5fde3f9"
                                                },
                                                "_margin": {
                                                    "unit": "px",
                                                    "top": "16",
                                                    "right": "0",
                                                    "bottom": "0",
                                                    "left": "0",
                                                    "isLinked": false
                                                },
                                                "_animation": "fadeInUp"
                                            },
                                            "elements": [],
                                            "isInner": false,
                                            "widgetType": "heading",
                                            "elType": "widget"
                                        },
                                        {
                                            "id": "72f8aa74",
                                            "settings": {
                                                "editor": "<p>Lorem ipsum dolor sit amet, consectetur adipi scing elit, sed do eiusmod tempor incididunt ut labore et dolore magna aliqua.<\/p>",
                                                "_margin": {
                                                    "unit": "px",
                                                    "top": "0",
                                                    "right": "0",
                                                    "bottom": "0",
                                                    "left": "0",
                                                    "isLinked": false
                                                },
                                                "_animation": "fadeInDown",
                                                "__globals__": {
                                                    "text_color": "globals\/colors?id=68b3a46",
                                                    "typography_typography": "globals\/typography?id=text"
                                                }
                                            },
                                            "elements": [],
                                            "isInner": false,
                                            "widgetType": "text-editor",
                                            "elType": "widget"
                                        },
                                        {
                                            "id": "3574244e",
                                            "settings": {
                                                "text": "Divider",
                                                "_animation": "fadeInLeft",
                                                "_padding": {
                                                    "unit": "px",
                                                    "top": "0",
                                                    "right": "68",
                                                    "bottom": "0",
                                                    "left": "0",
                                                    "isLinked": false
                                                },
                                                "__globals__": {
                                                    "color": "globals\/colors?id=accent"
                                                }
                                            },
                                            "elements": [],
                                            "isInner": false,
                                            "widgetType": "divider",
                                            "elType": "widget"
                                        }
                                    ],
                                    "isInner": true,
                                    "elType": "column"
                                },
                                {
                                    "id": "55834f6c",
                                    "settings": {
                                        "_column_size": 50,
                                        "_inline_size": 15,
                                        "_title": "Empty"
                                    },
                                    "elements": [],
                                    "isInner": true,
                                    "elType": "column"
                                }
                            ],
                            "isInner": true,
                            "elType": "section"
                        },
                        {
                            "id": "5da0d8de",
                            "settings": [],
                            "elements": [],
                            "isInner": false,
                            "widgetType": "spacer",
                            "elType": "widget"
                        },
                        {
                            "id": "6dbb7c25",
                            "settings": {
                                "text": "View More",
                                "_animation": "fadeInUp"
                            },
                            "elements": [],
                            "isInner": false,
                            "widgetType": "button",
                            "elType": "widget"
                        },
                        {
                            "id": "456eaf60",
                            "settings": {
                                "space": {
                                    "unit": "px",
                                    "size": 115,
                                    "sizes": []
                                }
                            },
                            "elements": [],
                            "isInner": false,
                            "widgetType": "spacer",
                            "elType": "widget"
                        }
                    ],
                    "isInner": false,
                    "elType": "column"
                }
            ],
            "isInner": false,
            "elType": "section"
        },
        {
            "id": "26c3ac16",
            "settings": {
                "margin": {
                    "unit": "px",
                    "top": "-38",
                    "right": 0,
                    "bottom": "-38",
                    "left": 0,
                    "isLinked": true
                },
                "_title": "Rectangle - Outline"
            },
            "elements": [
                {
                    "id": "7b39cff3",
                    "settings": {
                        "_column_size": 100,
                        "_inline_size": null,
                        "padding_mobile": {
                            "unit": "px",
                            "top": "0",
                            "right": "0",
                            "bottom": "0",
                            "left": "40",
                            "isLinked": false
                        }
                    },
                    "elements": [
                        {
                            "id": "52ec0987",
                            "settings": {
                                "image": {
                                    "url": "https:\/\/templatekit.hellokuro.com\/nikicivi\/wp-content\/uploads\/2021\/03\/frame-orange.png",
                                    "id": 207
                                },
                                "image_size": "full",
                                "_element_width": "initial",
                                "_element_width_tablet": "initial",
                                "_element_width_mobile": "initial",
                                "_element_custom_width": {
                                    "unit": "px",
                                    "size": 482,
                                    "sizes": []
                                },
                                "_element_custom_width_tablet": {
                                    "unit": "px",
                                    "size": 335,
                                    "sizes": []
                                },
                                "_element_custom_width_mobile": {
                                    "unit": "px",
                                    "size": 309,
                                    "sizes": []
                                },
                                "_offset_x": {
                                    "unit": "px",
                                    "size": 86,
                                    "sizes": []
                                },
                                "_offset_x_tablet": {
                                    "unit": "px",
                                    "size": 11,
                                    "sizes": []
                                },
                                "_offset_x_mobile": {
                                    "unit": "px",
                                    "size": 31,
                                    "sizes": []
                                },
                                "_offset_y": {
                                    "size": 109,
                                    "unit": "px"
                                },
                                "_offset_y_tablet": {
                                    "unit": "px",
                                    "size": 117,
                                    "sizes": []
                                },
                                "_offset_y_mobile": {
                                    "size": 144,
                                    "unit": "px"
                                },
                                "_offset_orientation_h": "end",
                                "_offset_x_end": {
                                    "size": 88.891,
                                    "unit": "px"
                                },
                                "_offset_x_end_tablet": {
                                    "unit": "px",
                                    "size": 17.2,
                                    "sizes": []
                                },
                                "_offset_x_end_mobile": {
                                    "unit": "px",
                                    "size": 33,
                                    "sizes": []
                                },
                                "_animation": "none",
                                "_animation_delay": 500,
                                "width": {
                                    "unit": "%",
                                    "size": 100,
                                    "sizes": []
                                },
                                "_margin": {
                                    "unit": "px",
                                    "top": "-1165",
                                    "right": "38",
                                    "bottom": "0",
                                    "left": "0",
                                    "isLinked": false
                                },
                                "align": "center",
                                "space": {
                                    "unit": "%",
                                    "size": 100,
                                    "sizes": []
                                },
                                "align_mobile": "center",
                                "_margin_tablet": {
                                    "unit": "px",
                                    "top": "-1256",
                                    "right": "0",
                                    "bottom": "0",
                                    "left": "0",
                                    "isLinked": false
                                },
                                "_margin_mobile": {
                                    "unit": "px",
                                    "top": "-2061",
                                    "right": "0",
                                    "bottom": "0",
                                    "left": "0",
                                    "isLinked": false
                                },
                                "_padding_tablet": {
                                    "unit": "px",
                                    "top": "0",
                                    "right": "0",
                                    "bottom": "0",
                                    "left": "29",
                                    "isLinked": false
                                },
                                "_padding_mobile": {
                                    "unit": "px",
                                    "top": "0",
                                    "right": "0",
                                    "bottom": "0",
                                    "left": "0",
                                    "isLinked": false
                                }
                            },
                            "elements": [],
                            "isInner": false,
                            "widgetType": "image",
                            "elType": "widget"
                        }
                    ],
                    "isInner": false,
                    "elType": "column"
                }
            ],
            "isInner": false,
            "elType": "section"
        }
    ]
}