{
    "version": "0.4",
    "title": "Error 404 &#8211; Nikicivi Kit",
    "type": "section",
    "metadata": {
        "template_type": "single-404",
        "include_in_zip": "1",
        "elementor_pro_required": null,
        "wp_page_template": "default"
    },
    "content": [
        {
            "id": "3556494b",
            "settings": {
                "background_background": "classic",
                "padding": {
                    "unit": "px",
                    "top": "85",
                    "right": "85",
                    "bottom": "111",
                    "left": "85",
                    "isLinked": false
                },
                "padding_mobile": {
                    "unit": "px",
                    "top": "72",
                    "right": "25",
                    "bottom": "86",
                    "left": "25",
                    "isLinked": false
                },
                "_title": "Error 404 - Nikicivi Kit",
                "__globals__": {
                    "background_color": "globals\/colors?id=a315964"
                }
            },
            "elements": [
                {
                    "id": "729100a7",
                    "settings": {
                        "_column_size": 100,
                        "_inline_size": null,
                        "background_background": "classic",
                        "box_shadow_box_shadow_type": "yes",
                        "box_shadow_box_shadow": {
                            "horizontal": 0,
                            "vertical": 0,
                            "blur": 24,
                            "spread": -5,
                            "color": "rgba(0,0,0,0.5)"
                        },
                        "padding": {
                            "unit": "px",
                            "top": "120",
                            "right": "0",
                            "bottom": "165",
                            "left": "0",
                            "isLinked": false
                        },
                        "__globals__": {
                            "background_color": "globals\/colors?id=937ce6e"
                        }
                    },
                    "elements": [
                        {
                            "id": "101db667",
                            "settings": {
                                "title": "ERROR",
                                "align": "center",
                                "__globals__": {
                                    "title_color": "globals\/colors?id=accent",
                                    "typography_typography": "globals\/typography?id=d28e428"
                                }
                            },
                            "elements": [],
                            "isInner": false,
                            "widgetType": "heading",
                            "elType": "widget"
                        },
                        {
                            "id": "43759fa7",
                            "settings": {
                                "title": "404",
                                "header_size": "h1",
                                "align": "center",
                                "_margin": {
                                    "unit": "px",
                                    "top": "-60",
                                    "right": "0",
                                    "bottom": "0",
                                    "left": "0",
                                    "isLinked": false
                                },
                                "__globals__": {
                                    "title_color": "globals\/colors?id=primary",
                                    "typography_typography": "globals\/typography?id=34556e0"
                                },
                                "_margin_mobile": {
                                    "unit": "px",
                                    "top": "-52",
                                    "right": "0",
                                    "bottom": "0",
                                    "left": "0",
                                    "isLinked": false
                                }
                            },
                            "elements": [],
                            "isInner": false,
                            "widgetType": "heading",
                            "elType": "widget"
                        },
                        {
                            "id": "5e73be3c",
                            "settings": {
                                "title": "Oops, Page Not Found!",
                                "header_size": "h5",
                                "align": "center",
                                "_margin": {
                                    "unit": "px",
                                    "top": "-47",
                                    "right": "0",
                                    "bottom": "0",
                                    "left": "0",
                                    "isLinked": false
                                },
                                "__globals__": {
                                    "title_color": "globals\/colors?id=text",
                                    "typography_typography": "globals\/typography?id=e1f6429"
                                },
                                "_margin_mobile": {
                                    "unit": "px",
                                    "top": "-39",
                                    "right": "0",
                                    "bottom": "0",
                                    "left": "0",
                                    "isLinked": false
                                }
                            },
                            "elements": [],
                            "isInner": false,
                            "widgetType": "heading",
                            "elType": "widget"
                        },
                        {
                            "id": "9ea225c",
                            "settings": {
                                "text": "Back To Home",
                                "align": "center"
                            },
                            "elements": [],
                            "isInner": false,
                            "widgetType": "button",
                            "elType": "widget"
                        }
                    ],
                    "isInner": false,
                    "elType": "column"
                }
            ],
            "isInner": false,
            "elType": "section"
        }
    ]
}