{
    "version": "0.4",
    "title": "Experience | Section &#8211; Nikicivi Kit &#8211; 2",
    "type": "section",
    "metadata": {
        "template_type": "section-about",
        "include_in_zip": "1",
        "elementor_pro_required": null,
        "wp_page_template": "default"
    },
    "content": [
        {
            "id": "4581733",
            "settings": {
                "padding": {
                    "unit": "px",
                    "top": "0",
                    "right": "0",
                    "bottom": "0",
                    "left": "0",
                    "isLinked": true
                },
                "_title": "Experience - Nikicivi - 2",
                "margin": {
                    "unit": "px",
                    "top": "34",
                    "right": 0,
                    "bottom": "0",
                    "left": 0,
                    "isLinked": false
                }
            },
            "elements": [
                {
                    "id": "bd4139a",
                    "settings": {
                        "_column_size": 100,
                        "_inline_size": null,
                        "padding_tablet": {
                            "unit": "px",
                            "top": "0",
                            "right": "15",
                            "bottom": "0",
                            "left": "15",
                            "isLinked": false
                        },
                        "padding_mobile": {
                            "unit": "px",
                            "top": "0",
                            "right": "15",
                            "bottom": "0",
                            "left": "20",
                            "isLinked": false
                        },
                        "_inline_size_tablet": 55
                    },
                    "elements": [
                        {
                            "id": "6333631b",
                            "settings": {
                                "space": {
                                    "unit": "px",
                                    "size": 111,
                                    "sizes": []
                                }
                            },
                            "elements": [],
                            "isInner": false,
                            "widgetType": "spacer",
                            "elType": "widget"
                        },
                        {
                            "id": "7c113afd",
                            "settings": {
                                "title": "Expert",
                                "_animation": "fadeInDown",
                                "__globals__": {
                                    "typography_typography": "globals\/typography?id=primary",
                                    "title_color": "globals\/colors?id=b7dcd50"
                                },
                                "header_size": "h5",
                                "_padding": {
                                    "unit": "px",
                                    "top": "0",
                                    "right": "0",
                                    "bottom": "0",
                                    "left": "4",
                                    "isLinked": false
                                }
                            },
                            "elements": [],
                            "isInner": false,
                            "widgetType": "heading",
                            "elType": "widget"
                        },
                        {
                            "id": "66553495",
                            "settings": {
                                "title": "Experience",
                                "_margin": {
                                    "unit": "px",
                                    "top": "-14",
                                    "right": "0",
                                    "bottom": "0",
                                    "left": "0",
                                    "isLinked": false
                                },
                                "_padding": {
                                    "unit": "px",
                                    "top": "0",
                                    "right": "200",
                                    "bottom": "0",
                                    "left": "0",
                                    "isLinked": false
                                },
                                "_animation": "fadeInLeft",
                                "__globals__": {
                                    "typography_typography": "globals\/typography?id=a20c8f0",
                                    "title_color": "globals\/colors?id=primary"
                                },
                                "_z_index": 2
                            },
                            "elements": [],
                            "isInner": false,
                            "widgetType": "heading",
                            "elType": "widget"
                        },
                        {
                            "id": "1ce53ab2",
                            "settings": {
                                "text": "Divider",
                                "weight": {
                                    "unit": "px",
                                    "size": 10,
                                    "sizes": []
                                },
                                "_position": "absolute",
                                "_offset_x": {
                                    "unit": "px",
                                    "size": 9,
                                    "sizes": []
                                },
                                "_offset_y": {
                                    "unit": "px",
                                    "size": 153,
                                    "sizes": []
                                },
                                "_animation": "fadeInUp",
                                "_animation_delay": 200,
                                "align_mobile": "right",
                                "_animation_mobile": "fadeIn",
                                "_offset_x_mobile": {
                                    "unit": "px",
                                    "size": -178,
                                    "sizes": []
                                },
                                "align": "right",
                                "hide_tablet": "hidden-tablet",
                                "hide_mobile": "hidden-phone",
                                "_margin": {
                                    "unit": "px",
                                    "top": "29",
                                    "right": "0",
                                    "bottom": "0",
                                    "left": "0",
                                    "isLinked": false
                                },
                                "_padding": {
                                    "unit": "px",
                                    "top": "0",
                                    "right": "0",
                                    "bottom": "0",
                                    "left": "325",
                                    "isLinked": false
                                },
                                "__globals__": {
                                    "color": "globals\/colors?id=accent"
                                }
                            },
                            "elements": [],
                            "isInner": false,
                            "widgetType": "divider",
                            "elType": "widget"
                        },
                        {
                            "id": "53a5e0d0",
                            "settings": {
                                "space": {
                                    "unit": "px",
                                    "size": 63,
                                    "sizes": []
                                },
                                "space_mobile": {
                                    "unit": "px",
                                    "size": 85,
                                    "sizes": []
                                }
                            },
                            "elements": [],
                            "isInner": false,
                            "widgetType": "spacer",
                            "elType": "widget"
                        }
                    ],
                    "isInner": false,
                    "elType": "column"
                }
            ],
            "isInner": false,
            "elType": "section"
        },
        {
            "id": "53e800d1",
            "settings": {
                "structure": "20",
                "padding": {
                    "unit": "px",
                    "top": "0",
                    "right": "15",
                    "bottom": "0",
                    "left": "15",
                    "isLinked": false
                },
                "_title": "2018 - Present"
            },
            "elements": [
                {
                    "id": "3ec1f937",
                    "settings": {
                        "_column_size": 50,
                        "_inline_size": null,
                        "_title": "Years"
                    },
                    "elements": [
                        {
                            "id": "21aeef3",
                            "settings": {
                                "title": "Hellokuro - Surabaya",
                                "header_size": "h5",
                                "__globals__": {
                                    "title_color": "globals\/colors?id=text"
                                },
                                "_animation": "fadeInDown"
                            },
                            "elements": [],
                            "isInner": false,
                            "widgetType": "heading",
                            "elType": "widget"
                        },
                        {
                            "id": "492e69ab",
                            "settings": {
                                "title": "2018 - Present",
                                "header_size": "h4",
                                "__globals__": {
                                    "title_color": "globals\/colors?id=primary",
                                    "typography_typography": "globals\/typography?id=469a0e8"
                                },
                                "_margin": {
                                    "unit": "px",
                                    "top": "-7",
                                    "right": "0",
                                    "bottom": "0",
                                    "left": "0",
                                    "isLinked": false
                                },
                                "_animation": "fadeInDown"
                            },
                            "elements": [],
                            "isInner": false,
                            "widgetType": "heading",
                            "elType": "widget"
                        }
                    ],
                    "isInner": false,
                    "elType": "column"
                },
                {
                    "id": "5276084d",
                    "settings": {
                        "_column_size": 50,
                        "_inline_size": null,
                        "_title": "Position"
                    },
                    "elements": [
                        {
                            "id": "378fe392",
                            "settings": {
                                "title": "Freelance Graphic Designer",
                                "__globals__": {
                                    "title_color": "globals\/colors?id=b7dcd50",
                                    "typography_typography": "globals\/typography?id=01ffb1a"
                                },
                                "_animation": "fadeInLeft"
                            },
                            "elements": [],
                            "isInner": false,
                            "widgetType": "heading",
                            "elType": "widget"
                        },
                        {
                            "id": "397caccc",
                            "settings": {
                                "editor": "<p>Lorem ipsum dolor sit amet, consectetur adipiscing elit, sed do eiusmod tempor incididunt ut labore et dolore magna aliqua. Vitae aliquet nec ullamcorper sit amet risus nullam eget. Sed viverra tellus in hac habitasse platea dictumst.<\/p>",
                                "_animation": "fadeInLeft",
                                "_margin": {
                                    "unit": "px",
                                    "top": "14",
                                    "right": "0",
                                    "bottom": "0",
                                    "left": "0",
                                    "isLinked": false
                                },
                                "__globals__": {
                                    "text_color": "globals\/colors?id=text",
                                    "typography_typography": "globals\/typography?id=text"
                                }
                            },
                            "elements": [],
                            "isInner": false,
                            "widgetType": "text-editor",
                            "elType": "widget"
                        },
                        {
                            "id": "71387329",
                            "settings": {
                                "space": {
                                    "unit": "px",
                                    "size": 37,
                                    "sizes": []
                                }
                            },
                            "elements": [],
                            "isInner": false,
                            "widgetType": "spacer",
                            "elType": "widget"
                        }
                    ],
                    "isInner": false,
                    "elType": "column"
                }
            ],
            "isInner": false,
            "elType": "section"
        },
        {
            "id": "21ae3e8d",
            "settings": {
                "structure": "20",
                "padding": {
                    "unit": "px",
                    "top": "0",
                    "right": "15",
                    "bottom": "0",
                    "left": "15",
                    "isLinked": false
                },
                "_title": "2014 - 2018"
            },
            "elements": [
                {
                    "id": "55262cd6",
                    "settings": {
                        "_column_size": 50,
                        "_inline_size": null,
                        "_title": "Years"
                    },
                    "elements": [
                        {
                            "id": "44b769bc",
                            "settings": {
                                "title": "Exxis Studio - Atlanta",
                                "header_size": "h5",
                                "__globals__": {
                                    "title_color": "globals\/colors?id=text"
                                },
                                "_animation": "fadeInDown"
                            },
                            "elements": [],
                            "isInner": false,
                            "widgetType": "heading",
                            "elType": "widget"
                        },
                        {
                            "id": "67c14f1b",
                            "settings": {
                                "title": "2014 - 2018",
                                "header_size": "h4",
                                "__globals__": {
                                    "title_color": "globals\/colors?id=primary",
                                    "typography_typography": "globals\/typography?id=469a0e8"
                                },
                                "_margin": {
                                    "unit": "px",
                                    "top": "-7",
                                    "right": "0",
                                    "bottom": "0",
                                    "left": "0",
                                    "isLinked": false
                                },
                                "_animation": "fadeInDown"
                            },
                            "elements": [],
                            "isInner": false,
                            "widgetType": "heading",
                            "elType": "widget"
                        }
                    ],
                    "isInner": false,
                    "elType": "column"
                },
                {
                    "id": "368cb2e0",
                    "settings": {
                        "_column_size": 50,
                        "_inline_size": null,
                        "_title": "Position"
                    },
                    "elements": [
                        {
                            "id": "1e274699",
                            "settings": {
                                "title": "Senior Graphic Designer",
                                "__globals__": {
                                    "title_color": "globals\/colors?id=b7dcd50",
                                    "typography_typography": "globals\/typography?id=01ffb1a"
                                },
                                "_animation": "fadeInLeft"
                            },
                            "elements": [],
                            "isInner": false,
                            "widgetType": "heading",
                            "elType": "widget"
                        },
                        {
                            "id": "3790f0cd",
                            "settings": {
                                "editor": "<p>Lorem ipsum dolor sit amet, consectetur adipiscing elit, sed do eiusmod tempor incididunt ut labore et dolore magna aliqua. Vitae aliquet nec ullamcorper sit amet risus nullam eget. Sed viverra tellus in hac habitasse platea dictumst.<\/p>",
                                "_animation": "fadeInLeft",
                                "_margin": {
                                    "unit": "px",
                                    "top": "14",
                                    "right": "0",
                                    "bottom": "0",
                                    "left": "0",
                                    "isLinked": false
                                },
                                "__globals__": {
                                    "text_color": "globals\/colors?id=text",
                                    "typography_typography": "globals\/typography?id=text"
                                }
                            },
                            "elements": [],
                            "isInner": false,
                            "widgetType": "text-editor",
                            "elType": "widget"
                        },
                        {
                            "id": "34183ce",
                            "settings": {
                                "space": {
                                    "unit": "px",
                                    "size": 37,
                                    "sizes": []
                                }
                            },
                            "elements": [],
                            "isInner": false,
                            "widgetType": "spacer",
                            "elType": "widget"
                        }
                    ],
                    "isInner": false,
                    "elType": "column"
                }
            ],
            "isInner": false,
            "elType": "section"
        },
        {
            "id": "2d08d96b",
            "settings": {
                "structure": "20",
                "padding": {
                    "unit": "px",
                    "top": "0",
                    "right": "15",
                    "bottom": "0",
                    "left": "15",
                    "isLinked": false
                },
                "_title": "2012 - 2014"
            },
            "elements": [
                {
                    "id": "5713db1b",
                    "settings": {
                        "_column_size": 50,
                        "_inline_size": null,
                        "_title": "Years"
                    },
                    "elements": [
                        {
                            "id": "18c09d8e",
                            "settings": {
                                "title": "Majju Kreazi Inc - Georgia",
                                "header_size": "h5",
                                "__globals__": {
                                    "title_color": "globals\/colors?id=text"
                                },
                                "_animation": "fadeInDown"
                            },
                            "elements": [],
                            "isInner": false,
                            "widgetType": "heading",
                            "elType": "widget"
                        },
                        {
                            "id": "5997ddc0",
                            "settings": {
                                "title": "2012 - 2014",
                                "header_size": "h4",
                                "__globals__": {
                                    "title_color": "globals\/colors?id=primary",
                                    "typography_typography": "globals\/typography?id=469a0e8"
                                },
                                "_margin": {
                                    "unit": "px",
                                    "top": "-7",
                                    "right": "0",
                                    "bottom": "0",
                                    "left": "0",
                                    "isLinked": false
                                },
                                "_animation": "fadeInDown"
                            },
                            "elements": [],
                            "isInner": false,
                            "widgetType": "heading",
                            "elType": "widget"
                        }
                    ],
                    "isInner": false,
                    "elType": "column"
                },
                {
                    "id": "62c2794e",
                    "settings": {
                        "_column_size": 50,
                        "_inline_size": null,
                        "_title": "Position"
                    },
                    "elements": [
                        {
                            "id": "6b1579a5",
                            "settings": {
                                "title": "Junior UI\/UX Designer",
                                "__globals__": {
                                    "title_color": "globals\/colors?id=b7dcd50",
                                    "typography_typography": "globals\/typography?id=01ffb1a"
                                },
                                "_animation": "fadeInLeft"
                            },
                            "elements": [],
                            "isInner": false,
                            "widgetType": "heading",
                            "elType": "widget"
                        },
                        {
                            "id": "72abd4c",
                            "settings": {
                                "editor": "<p>Lorem ipsum dolor sit amet, consectetur adipiscing elit, sed do eiusmod tempor incididunt ut labore et dolore magna aliqua. Vitae aliquet nec ullamcorper sit amet risus nullam eget. Sed viverra tellus in hac habitasse platea dictumst.<\/p>",
                                "_animation": "fadeInLeft",
                                "_margin": {
                                    "unit": "px",
                                    "top": "14",
                                    "right": "0",
                                    "bottom": "0",
                                    "left": "0",
                                    "isLinked": false
                                },
                                "__globals__": {
                                    "text_color": "globals\/colors?id=text",
                                    "typography_typography": "globals\/typography?id=text"
                                }
                            },
                            "elements": [],
                            "isInner": false,
                            "widgetType": "text-editor",
                            "elType": "widget"
                        },
                        {
                            "id": "170eb5d0",
                            "settings": {
                                "space": {
                                    "unit": "px",
                                    "size": 37,
                                    "sizes": []
                                }
                            },
                            "elements": [],
                            "isInner": false,
                            "widgetType": "spacer",
                            "elType": "widget"
                        }
                    ],
                    "isInner": false,
                    "elType": "column"
                }
            ],
            "isInner": false,
            "elType": "section"
        },
        {
            "id": "6c5c5cb2",
            "settings": [],
            "elements": [
                {
                    "id": "40f8d9b7",
                    "settings": {
                        "_column_size": 100,
                        "_inline_size": null
                    },
                    "elements": [
                        {
                            "id": "5309b999",
                            "settings": {
                                "space": {
                                    "unit": "px",
                                    "size": 87,
                                    "sizes": []
                                },
                                "space_tablet": {
                                    "unit": "px",
                                    "size": 41,
                                    "sizes": []
                                },
                                "space_mobile": {
                                    "unit": "px",
                                    "size": 10,
                                    "sizes": []
                                }
                            },
                            "elements": [],
                            "isInner": false,
                            "widgetType": "spacer",
                            "elType": "widget"
                        }
                    ],
                    "isInner": false,
                    "elType": "column"
                }
            ],
            "isInner": false,
            "elType": "section"
        },
        {
            "id": "13d1eb64",
            "settings": {
                "structure": "20",
                "padding_tablet": {
                    "unit": "px",
                    "top": "0",
                    "right": "15",
                    "bottom": "0",
                    "left": "15",
                    "isLinked": false
                },
                "_title": "Buttons"
            },
            "elements": [
                {
                    "id": "2a1a9d5c",
                    "settings": {
                        "_column_size": 50,
                        "_inline_size": 24,
                        "_inline_size_tablet": 33,
                        "_title": "See All Work"
                    },
                    "elements": [
                        {
                            "id": "177347f0",
                            "settings": {
                                "text": "See All Work"
                            },
                            "elements": [],
                            "isInner": false,
                            "widgetType": "button",
                            "elType": "widget"
                        }
                    ],
                    "isInner": false,
                    "elType": "column"
                },
                {
                    "id": "7ec7a273",
                    "settings": {
                        "_column_size": 50,
                        "_inline_size": 76,
                        "_inline_size_tablet": 40,
                        "_title": "See My Portfolio"
                    },
                    "elements": [
                        {
                            "id": "7b54840f",
                            "settings": {
                                "text": "See My Portfolio"
                            },
                            "elements": [],
                            "isInner": false,
                            "widgetType": "button",
                            "elType": "widget"
                        }
                    ],
                    "isInner": false,
                    "elType": "column"
                }
            ],
            "isInner": false,
            "elType": "section"
        },
        {
            "id": "15a46033",
            "settings": [],
            "elements": [
                {
                    "id": "3ba60b43",
                    "settings": {
                        "_column_size": 100,
                        "_inline_size": null
                    },
                    "elements": [
                        {
                            "id": "f80b771",
                            "settings": {
                                "space": {
                                    "unit": "px",
                                    "size": 130,
                                    "sizes": []
                                }
                            },
                            "elements": [],
                            "isInner": false,
                            "widgetType": "spacer",
                            "elType": "widget"
                        }
                    ],
                    "isInner": false,
                    "elType": "column"
                }
            ],
            "isInner": false,
            "elType": "section"
        }
    ]
}