{
    "version": "0.4",
    "title": "Experience | Section &#8211; Nikicivi Kit &#8211; 1",
    "type": "section",
    "metadata": {
        "template_type": "section-about",
        "include_in_zip": "1",
        "elementor_pro_required": null,
        "wp_page_template": "default"
    },
    "content": [
        {
            "id": "e68b620",
            "settings": {
                "structure": "20",
                "_title": "Experience - Nikicivi - 1",
                "margin": {
                    "unit": "px",
                    "top": "34",
                    "right": 0,
                    "bottom": "0",
                    "left": 0,
                    "isLinked": false
                }
            },
            "elements": [
                {
                    "id": "2b1611a3",
                    "settings": {
                        "_column_size": 50,
                        "_inline_size": 37,
                        "padding": {
                            "unit": "px",
                            "top": "0",
                            "right": "15",
                            "bottom": "0",
                            "left": "15",
                            "isLinked": false
                        },
                        "padding_tablet": {
                            "unit": "px",
                            "top": "0",
                            "right": "15",
                            "bottom": "0",
                            "left": "15",
                            "isLinked": false
                        },
                        "_title": "Expert",
                        "padding_mobile": {
                            "unit": "px",
                            "top": "0",
                            "right": "25",
                            "bottom": "0",
                            "left": "25",
                            "isLinked": false
                        }
                    },
                    "elements": [
                        {
                            "id": "3e36083",
                            "settings": {
                                "space": {
                                    "unit": "px",
                                    "size": 121,
                                    "sizes": []
                                }
                            },
                            "elements": [],
                            "isInner": false,
                            "widgetType": "spacer",
                            "elType": "widget"
                        },
                        {
                            "id": "28193af6",
                            "settings": {
                                "title": "Expert",
                                "_animation": "fadeInDown",
                                "__globals__": {
                                    "typography_typography": "globals\/typography?id=primary",
                                    "title_color": "globals\/colors?id=b7dcd50"
                                },
                                "header_size": "h5",
                                "_padding": {
                                    "unit": "px",
                                    "top": "0",
                                    "right": "0",
                                    "bottom": "0",
                                    "left": "4",
                                    "isLinked": false
                                }
                            },
                            "elements": [],
                            "isInner": false,
                            "widgetType": "heading",
                            "elType": "widget"
                        },
                        {
                            "id": "78346d",
                            "settings": {
                                "title": "Expe\nrience",
                                "_margin": {
                                    "unit": "px",
                                    "top": "-14",
                                    "right": "0",
                                    "bottom": "0",
                                    "left": "0",
                                    "isLinked": false
                                },
                                "_padding": {
                                    "unit": "px",
                                    "top": "0",
                                    "right": "200",
                                    "bottom": "0",
                                    "left": "0",
                                    "isLinked": false
                                },
                                "_animation": "fadeInLeft",
                                "__globals__": {
                                    "typography_typography": "globals\/typography?id=a20c8f0",
                                    "title_color": "globals\/colors?id=primary"
                                }
                            },
                            "elements": [],
                            "isInner": false,
                            "widgetType": "heading",
                            "elType": "widget"
                        },
                        {
                            "id": "7e5eabf3",
                            "settings": {
                                "space": {
                                    "unit": "px",
                                    "size": 63,
                                    "sizes": []
                                },
                                "space_mobile": {
                                    "unit": "px",
                                    "size": 47,
                                    "sizes": []
                                }
                            },
                            "elements": [],
                            "isInner": false,
                            "widgetType": "spacer",
                            "elType": "widget"
                        }
                    ],
                    "isInner": false,
                    "elType": "column"
                },
                {
                    "id": "7e0ba146",
                    "settings": {
                        "_column_size": 50,
                        "_inline_size": 63,
                        "padding": {
                            "unit": "px",
                            "top": "0",
                            "right": "15",
                            "bottom": "0",
                            "left": "15",
                            "isLinked": false
                        },
                        "padding_tablet": {
                            "unit": "px",
                            "top": "0",
                            "right": "15",
                            "bottom": "0",
                            "left": "15",
                            "isLinked": false
                        },
                        "_title": "Experience",
                        "padding_mobile": {
                            "unit": "px",
                            "top": "0",
                            "right": "25",
                            "bottom": "0",
                            "left": "25",
                            "isLinked": false
                        }
                    },
                    "elements": [
                        {
                            "id": "75108f3b",
                            "settings": {
                                "space": {
                                    "unit": "px",
                                    "size": 121,
                                    "sizes": []
                                },
                                "space_mobile": {
                                    "unit": "px",
                                    "size": 10,
                                    "sizes": []
                                }
                            },
                            "elements": [],
                            "isInner": false,
                            "widgetType": "spacer",
                            "elType": "widget"
                        },
                        {
                            "id": "4072c509",
                            "settings": {
                                "title": "Hellokuro - Surabaya",
                                "header_size": "h5",
                                "__globals__": {
                                    "title_color": "globals\/colors?id=text"
                                },
                                "_animation": "fadeInDown"
                            },
                            "elements": [],
                            "isInner": false,
                            "widgetType": "heading",
                            "elType": "widget"
                        },
                        {
                            "id": "4bb7431b",
                            "settings": {
                                "title": "2018 - Present",
                                "header_size": "h4",
                                "__globals__": {
                                    "title_color": "globals\/colors?id=primary",
                                    "typography_typography": "globals\/typography?id=469a0e8"
                                },
                                "_margin": {
                                    "unit": "px",
                                    "top": "-7",
                                    "right": "0",
                                    "bottom": "0",
                                    "left": "0",
                                    "isLinked": false
                                },
                                "_animation": "fadeInDown"
                            },
                            "elements": [],
                            "isInner": false,
                            "widgetType": "heading",
                            "elType": "widget"
                        },
                        {
                            "id": "4a566d1b",
                            "settings": {
                                "title": "Freelance Graphic Designer",
                                "__globals__": {
                                    "title_color": "globals\/colors?id=b7dcd50",
                                    "typography_typography": "globals\/typography?id=01ffb1a"
                                },
                                "_margin": {
                                    "unit": "px",
                                    "top": "23",
                                    "right": "0",
                                    "bottom": "0",
                                    "left": "0",
                                    "isLinked": false
                                },
                                "_animation": "fadeInLeft"
                            },
                            "elements": [],
                            "isInner": false,
                            "widgetType": "heading",
                            "elType": "widget"
                        },
                        {
                            "id": "45b9382d",
                            "settings": {
                                "editor": "<p>Lorem ipsum dolor sit amet, consectetur adipiscing elit, sed do eiusmod tempor incididunt ut labore et dolore magna aliqua. Vitae aliquet nec ullamcorper sit amet risus nullam eget. Sed viverra tellus in hac habitasse platea dictumst.<\/p>",
                                "_animation": "fadeInLeft",
                                "_margin": {
                                    "unit": "px",
                                    "top": "14",
                                    "right": "0",
                                    "bottom": "0",
                                    "left": "0",
                                    "isLinked": false
                                },
                                "__globals__": {
                                    "text_color": "globals\/colors?id=text",
                                    "typography_typography": "globals\/typography?id=text"
                                }
                            },
                            "elements": [],
                            "isInner": false,
                            "widgetType": "text-editor",
                            "elType": "widget"
                        },
                        {
                            "id": "294012c9",
                            "settings": {
                                "text": "Divider",
                                "_animation": "fadeInLeft",
                                "_padding": {
                                    "unit": "px",
                                    "top": "0",
                                    "right": "230",
                                    "bottom": "0",
                                    "left": "0",
                                    "isLinked": false
                                },
                                "__globals__": {
                                    "color": "globals\/colors?id=b7dcd50"
                                }
                            },
                            "elements": [],
                            "isInner": false,
                            "widgetType": "divider",
                            "elType": "widget"
                        },
                        {
                            "id": "2cfa66c6",
                            "settings": {
                                "title": "Exxis Studio - Atlanta",
                                "header_size": "h5",
                                "__globals__": {
                                    "title_color": "globals\/colors?id=text"
                                },
                                "_animation": "fadeInDown"
                            },
                            "elements": [],
                            "isInner": false,
                            "widgetType": "heading",
                            "elType": "widget"
                        },
                        {
                            "id": "33d0c47c",
                            "settings": {
                                "title": "2014 - 2018",
                                "header_size": "h4",
                                "__globals__": {
                                    "title_color": "globals\/colors?id=primary",
                                    "typography_typography": "globals\/typography?id=469a0e8"
                                },
                                "_margin": {
                                    "unit": "px",
                                    "top": "-7",
                                    "right": "0",
                                    "bottom": "0",
                                    "left": "0",
                                    "isLinked": false
                                },
                                "_animation": "fadeInDown"
                            },
                            "elements": [],
                            "isInner": false,
                            "widgetType": "heading",
                            "elType": "widget"
                        },
                        {
                            "id": "6c725745",
                            "settings": {
                                "title": "Senior Graphic Designer",
                                "__globals__": {
                                    "title_color": "globals\/colors?id=b7dcd50",
                                    "typography_typography": "globals\/typography?id=01ffb1a"
                                },
                                "_margin": {
                                    "unit": "px",
                                    "top": "23",
                                    "right": "0",
                                    "bottom": "0",
                                    "left": "0",
                                    "isLinked": false
                                },
                                "_animation": "fadeInLeft"
                            },
                            "elements": [],
                            "isInner": false,
                            "widgetType": "heading",
                            "elType": "widget"
                        },
                        {
                            "id": "6d665571",
                            "settings": {
                                "editor": "<p>Lorem ipsum dolor sit amet, consectetur adipiscing elit, sed do eiusmod tempor incididunt ut labore et dolore magna aliqua. Vitae aliquet nec ullamcorper sit amet risus nullam eget. Sed viverra tellus in hac habitasse platea dictumst.<\/p>",
                                "_animation": "fadeInLeft",
                                "_margin": {
                                    "unit": "px",
                                    "top": "14",
                                    "right": "0",
                                    "bottom": "0",
                                    "left": "0",
                                    "isLinked": false
                                },
                                "__globals__": {
                                    "text_color": "globals\/colors?id=text",
                                    "typography_typography": "globals\/typography?id=text"
                                }
                            },
                            "elements": [],
                            "isInner": false,
                            "widgetType": "text-editor",
                            "elType": "widget"
                        },
                        {
                            "id": "81a4697",
                            "settings": {
                                "text": "Divider",
                                "_animation": "fadeInLeft",
                                "_padding": {
                                    "unit": "px",
                                    "top": "0",
                                    "right": "230",
                                    "bottom": "0",
                                    "left": "0",
                                    "isLinked": false
                                },
                                "__globals__": {
                                    "color": "globals\/colors?id=b7dcd50"
                                }
                            },
                            "elements": [],
                            "isInner": false,
                            "widgetType": "divider",
                            "elType": "widget"
                        },
                        {
                            "id": "704d0eb7",
                            "settings": {
                                "title": "Majju Kreazi Inc - Georgia",
                                "header_size": "h5",
                                "__globals__": {
                                    "title_color": "globals\/colors?id=text"
                                },
                                "_animation": "fadeInDown"
                            },
                            "elements": [],
                            "isInner": false,
                            "widgetType": "heading",
                            "elType": "widget"
                        },
                        {
                            "id": "2c3d39a4",
                            "settings": {
                                "title": "2012 - 2014",
                                "header_size": "h4",
                                "__globals__": {
                                    "title_color": "globals\/colors?id=primary",
                                    "typography_typography": "globals\/typography?id=469a0e8"
                                },
                                "_margin": {
                                    "unit": "px",
                                    "top": "-7",
                                    "right": "0",
                                    "bottom": "0",
                                    "left": "0",
                                    "isLinked": false
                                },
                                "_animation": "fadeInDown"
                            },
                            "elements": [],
                            "isInner": false,
                            "widgetType": "heading",
                            "elType": "widget"
                        },
                        {
                            "id": "57294089",
                            "settings": {
                                "title": "Junior UI\/UX Designer",
                                "__globals__": {
                                    "title_color": "globals\/colors?id=b7dcd50",
                                    "typography_typography": "globals\/typography?id=01ffb1a"
                                },
                                "_margin": {
                                    "unit": "px",
                                    "top": "23",
                                    "right": "0",
                                    "bottom": "0",
                                    "left": "0",
                                    "isLinked": false
                                },
                                "_animation": "fadeInLeft"
                            },
                            "elements": [],
                            "isInner": false,
                            "widgetType": "heading",
                            "elType": "widget"
                        },
                        {
                            "id": "58d1351a",
                            "settings": {
                                "editor": "<p>Lorem ipsum dolor sit amet, consectetur adipiscing elit, sed do eiusmod tempor incididunt ut labore et dolore magna aliqua. Vitae aliquet nec ullamcorper sit amet risus nullam eget. Sed viverra tellus in hac habitasse platea dictumst.<\/p>",
                                "_animation": "fadeInLeft",
                                "_margin": {
                                    "unit": "px",
                                    "top": "14",
                                    "right": "0",
                                    "bottom": "0",
                                    "left": "0",
                                    "isLinked": false
                                },
                                "__globals__": {
                                    "text_color": "globals\/colors?id=text",
                                    "typography_typography": "globals\/typography?id=text"
                                }
                            },
                            "elements": [],
                            "isInner": false,
                            "widgetType": "text-editor",
                            "elType": "widget"
                        },
                        {
                            "id": "468afefd",
                            "settings": [],
                            "elements": [],
                            "isInner": false,
                            "widgetType": "spacer",
                            "elType": "widget"
                        },
                        {
                            "id": "7a2fd775",
                            "settings": {
                                "text": "See All Work",
                                "_animation": "fadeInUp"
                            },
                            "elements": [],
                            "isInner": false,
                            "widgetType": "button",
                            "elType": "widget"
                        },
                        {
                            "id": "51f86d85",
                            "settings": {
                                "space": {
                                    "unit": "px",
                                    "size": 98,
                                    "sizes": []
                                }
                            },
                            "elements": [],
                            "isInner": false,
                            "widgetType": "spacer",
                            "elType": "widget"
                        }
                    ],
                    "isInner": false,
                    "elType": "column"
                }
            ],
            "isInner": false,
            "elType": "section"
        }
    ]
}