{
    "version": "0.4",
    "title": "Experience | Section &#8211; Nikicivi Kit &#8211; 5",
    "type": "section",
    "metadata": {
        "template_type": "section-about",
        "include_in_zip": "1",
        "elementor_pro_required": null,
        "wp_page_template": "default"
    },
    "content": [
        {
            "id": "76841451",
            "settings": {
                "padding": {
                    "unit": "px",
                    "top": "0",
                    "right": "0",
                    "bottom": "0",
                    "left": "0",
                    "isLinked": true
                },
                "_title": "Section"
            },
            "elements": [
                {
                    "id": "7eb52914",
                    "settings": {
                        "_column_size": 100,
                        "_inline_size": null,
                        "padding_tablet": {
                            "unit": "px",
                            "top": "0",
                            "right": "15",
                            "bottom": "0",
                            "left": "15",
                            "isLinked": false
                        },
                        "padding_mobile": {
                            "unit": "px",
                            "top": "0",
                            "right": "15",
                            "bottom": "0",
                            "left": "20",
                            "isLinked": false
                        },
                        "_inline_size_tablet": 55
                    },
                    "elements": [
                        {
                            "id": "46a5ad00",
                            "settings": {
                                "space": {
                                    "unit": "px",
                                    "size": 80,
                                    "sizes": []
                                }
                            },
                            "elements": [],
                            "isInner": false,
                            "widgetType": "spacer",
                            "elType": "widget"
                        }
                    ],
                    "isInner": false,
                    "elType": "column"
                }
            ],
            "isInner": false,
            "elType": "section"
        },
        {
            "id": "12a9db56",
            "settings": {
                "structure": "20",
                "padding": {
                    "unit": "px",
                    "top": "0",
                    "right": "15",
                    "bottom": "0",
                    "left": "15",
                    "isLinked": false
                },
                "_title": "Experience - Nikicivi - 5"
            },
            "elements": [
                {
                    "id": "f2424d6",
                    "settings": {
                        "_column_size": 50,
                        "_inline_size": null,
                        "padding": {
                            "unit": "px",
                            "top": "0",
                            "right": "35",
                            "bottom": "0",
                            "left": "15",
                            "isLinked": false
                        },
                        "padding_mobile": {
                            "unit": "px",
                            "top": "0",
                            "right": "15",
                            "bottom": "0",
                            "left": "15",
                            "isLinked": false
                        },
                        "_title": "Experience"
                    },
                    "elements": [
                        {
                            "id": "5b56cf01",
                            "settings": {
                                "title": "My Skill",
                                "_animation": "fadeInDown",
                                "__globals__": {
                                    "typography_typography": "globals\/typography?id=primary",
                                    "title_color": "globals\/colors?id=b7dcd50"
                                },
                                "header_size": "h5",
                                "_padding": {
                                    "unit": "px",
                                    "top": "0",
                                    "right": "0",
                                    "bottom": "0",
                                    "left": "4",
                                    "isLinked": false
                                }
                            },
                            "elements": [],
                            "isInner": false,
                            "widgetType": "heading",
                            "elType": "widget"
                        },
                        {
                            "id": "484e3bfb",
                            "settings": {
                                "title": "Experience",
                                "_margin": {
                                    "unit": "px",
                                    "top": "-14",
                                    "right": "0",
                                    "bottom": "0",
                                    "left": "0",
                                    "isLinked": false
                                },
                                "_padding": {
                                    "unit": "px",
                                    "top": "0",
                                    "right": "0",
                                    "bottom": "0",
                                    "left": "0",
                                    "isLinked": false
                                },
                                "_animation": "fadeInLeft",
                                "__globals__": {
                                    "typography_typography": "globals\/typography?id=a20c8f0",
                                    "title_color": "globals\/colors?id=primary"
                                }
                            },
                            "elements": [],
                            "isInner": false,
                            "widgetType": "heading",
                            "elType": "widget"
                        },
                        {
                            "id": "af3db26",
                            "settings": {
                                "space": {
                                    "unit": "px",
                                    "size": 23,
                                    "sizes": []
                                }
                            },
                            "elements": [],
                            "isInner": false,
                            "widgetType": "spacer",
                            "elType": "widget"
                        },
                        {
                            "id": "4ff68023",
                            "settings": {
                                "editor": "<p>Lorem ipsum dolor sit amet, consectetur adipiscing elit, sed do eiusmod tempor incididunt ut labore et dolore magna aliqua. Vitae aliquet nec ullamcorper sit amet risus nullam eget. Sed viverra tellus in hac habitasse platea dictumst.<\/p>",
                                "_animation": "fadeInLeft",
                                "_margin": {
                                    "unit": "px",
                                    "top": "-15",
                                    "right": "0",
                                    "bottom": "0",
                                    "left": "0",
                                    "isLinked": false
                                },
                                "__globals__": {
                                    "text_color": "globals\/colors?id=text",
                                    "typography_typography": "globals\/typography?id=text"
                                }
                            },
                            "elements": [],
                            "isInner": false,
                            "widgetType": "text-editor",
                            "elType": "widget"
                        },
                        {
                            "id": "74d134ca",
                            "settings": {
                                "space": {
                                    "unit": "px",
                                    "size": 23,
                                    "sizes": []
                                }
                            },
                            "elements": [],
                            "isInner": false,
                            "widgetType": "spacer",
                            "elType": "widget"
                        },
                        {
                            "id": "68032143",
                            "settings": {
                                "text": "View My Portfolio"
                            },
                            "elements": [],
                            "isInner": false,
                            "widgetType": "button",
                            "elType": "widget"
                        },
                        {
                            "id": "4ab7ef6f",
                            "settings": {
                                "space": {
                                    "unit": "px",
                                    "size": 37,
                                    "sizes": []
                                },
                                "space_tablet": {
                                    "unit": "px",
                                    "size": 65,
                                    "sizes": []
                                },
                                "space_mobile": {
                                    "unit": "px",
                                    "size": 10,
                                    "sizes": []
                                }
                            },
                            "elements": [],
                            "isInner": false,
                            "widgetType": "spacer",
                            "elType": "widget"
                        }
                    ],
                    "isInner": false,
                    "elType": "column"
                },
                {
                    "id": "236dd201",
                    "settings": {
                        "_column_size": 50,
                        "_inline_size": null,
                        "padding": {
                            "unit": "px",
                            "top": "0",
                            "right": "15",
                            "bottom": "0",
                            "left": "15",
                            "isLinked": false
                        },
                        "_title": "Skills"
                    },
                    "elements": [
                        {
                            "id": "40ccce3",
                            "settings": {
                                "space": {
                                    "unit": "px",
                                    "size": 37,
                                    "sizes": []
                                },
                                "space_mobile": {
                                    "unit": "px",
                                    "size": 90,
                                    "sizes": []
                                }
                            },
                            "elements": [],
                            "isInner": false,
                            "widgetType": "spacer",
                            "elType": "widget"
                        },
                        {
                            "id": "4960670d",
                            "settings": {
                                "title": "Web Design",
                                "progress_type": "info",
                                "percent": {
                                    "unit": "%",
                                    "size": 75,
                                    "sizes": []
                                },
                                "display_percentage": "hide",
                                "inner_text": "",
                                "bar_height": {
                                    "unit": "px",
                                    "size": 3,
                                    "sizes": []
                                },
                                "bar_border_radius": {
                                    "unit": "px",
                                    "size": 0,
                                    "sizes": []
                                },
                                "_title": "Progress Bar",
                                "_animation": "fadeInDown",
                                "_element_width_tablet": "initial",
                                "_element_width_mobile": "initial",
                                "_element_custom_width_tablet": {
                                    "unit": "px",
                                    "size": 430,
                                    "sizes": []
                                },
                                "_element_custom_width_mobile": {
                                    "unit": "px",
                                    "size": 350,
                                    "sizes": []
                                },
                                "__globals__": {
                                    "bar_color": "globals\/colors?id=primary",
                                    "title_color": "globals\/colors?id=primary",
                                    "typography_typography": "globals\/typography?id=857a9ea"
                                }
                            },
                            "elements": [],
                            "isInner": false,
                            "widgetType": "progress",
                            "elType": "widget"
                        },
                        {
                            "id": "35e09acd",
                            "settings": {
                                "title": "UI \/ UX Design",
                                "progress_type": "info",
                                "percent": {
                                    "unit": "%",
                                    "size": 70,
                                    "sizes": []
                                },
                                "display_percentage": "hide",
                                "inner_text": "",
                                "bar_height": {
                                    "unit": "px",
                                    "size": 3,
                                    "sizes": []
                                },
                                "bar_border_radius": {
                                    "unit": "px",
                                    "size": 0,
                                    "sizes": []
                                },
                                "_animation": "fadeInDown",
                                "_element_width_tablet": "initial",
                                "_element_width_mobile": "initial",
                                "_element_custom_width_tablet": {
                                    "unit": "px",
                                    "size": 430,
                                    "sizes": []
                                },
                                "_element_custom_width_mobile": {
                                    "unit": "px",
                                    "size": 350,
                                    "sizes": []
                                },
                                "__globals__": {
                                    "bar_color": "globals\/colors?id=primary",
                                    "title_color": "globals\/colors?id=primary",
                                    "typography_typography": "globals\/typography?id=857a9ea"
                                }
                            },
                            "elements": [],
                            "isInner": false,
                            "widgetType": "progress",
                            "elType": "widget"
                        },
                        {
                            "id": "153f56f5",
                            "settings": {
                                "title": "Logo & Mascot Design",
                                "progress_type": "info",
                                "percent": {
                                    "unit": "%",
                                    "size": 80,
                                    "sizes": []
                                },
                                "display_percentage": "hide",
                                "inner_text": "",
                                "bar_height": {
                                    "unit": "px",
                                    "size": 3,
                                    "sizes": []
                                },
                                "bar_border_radius": {
                                    "unit": "px",
                                    "size": 0,
                                    "sizes": []
                                },
                                "_animation": "fadeInDown",
                                "_element_width_tablet": "initial",
                                "_element_width_mobile": "initial",
                                "_element_custom_width_tablet": {
                                    "unit": "px",
                                    "size": 430,
                                    "sizes": []
                                },
                                "_element_custom_width_mobile": {
                                    "unit": "px",
                                    "size": 350,
                                    "sizes": []
                                },
                                "__globals__": {
                                    "bar_color": "globals\/colors?id=primary",
                                    "title_color": "globals\/colors?id=primary",
                                    "typography_typography": "globals\/typography?id=857a9ea"
                                }
                            },
                            "elements": [],
                            "isInner": false,
                            "widgetType": "progress",
                            "elType": "widget"
                        },
                        {
                            "id": "2a035890",
                            "settings": {
                                "title": "Illustration",
                                "progress_type": "info",
                                "percent": {
                                    "unit": "%",
                                    "size": 90,
                                    "sizes": []
                                },
                                "display_percentage": "hide",
                                "inner_text": "",
                                "bar_height": {
                                    "unit": "px",
                                    "size": 3,
                                    "sizes": []
                                },
                                "bar_border_radius": {
                                    "unit": "px",
                                    "size": 0,
                                    "sizes": []
                                },
                                "_animation": "fadeInDown",
                                "_element_width_tablet": "initial",
                                "_element_width_mobile": "initial",
                                "_element_custom_width_tablet": {
                                    "unit": "px",
                                    "size": 430,
                                    "sizes": []
                                },
                                "_element_custom_width_mobile": {
                                    "unit": "px",
                                    "size": 350,
                                    "sizes": []
                                },
                                "__globals__": {
                                    "bar_color": "globals\/colors?id=primary",
                                    "title_color": "globals\/colors?id=primary",
                                    "typography_typography": "globals\/typography?id=857a9ea"
                                }
                            },
                            "elements": [],
                            "isInner": false,
                            "widgetType": "progress",
                            "elType": "widget"
                        },
                        {
                            "id": "6bbaf3fb",
                            "settings": {
                                "title": "Brand & Digital Marketing",
                                "progress_type": "info",
                                "percent": {
                                    "unit": "%",
                                    "size": 70,
                                    "sizes": []
                                },
                                "display_percentage": "hide",
                                "inner_text": "",
                                "bar_height": {
                                    "unit": "px",
                                    "size": 3,
                                    "sizes": []
                                },
                                "bar_border_radius": {
                                    "unit": "px",
                                    "size": 0,
                                    "sizes": []
                                },
                                "_animation": "fadeInDown",
                                "_element_width_tablet": "initial",
                                "_element_width_mobile": "initial",
                                "_element_custom_width_tablet": {
                                    "unit": "px",
                                    "size": 430,
                                    "sizes": []
                                },
                                "_element_custom_width_mobile": {
                                    "unit": "px",
                                    "size": 350,
                                    "sizes": []
                                },
                                "__globals__": {
                                    "bar_color": "globals\/colors?id=primary",
                                    "title_color": "globals\/colors?id=primary",
                                    "typography_typography": "globals\/typography?id=857a9ea"
                                }
                            },
                            "elements": [],
                            "isInner": false,
                            "widgetType": "progress",
                            "elType": "widget"
                        },
                        {
                            "id": "5be7f8ef",
                            "settings": {
                                "space": {
                                    "unit": "px",
                                    "size": 37,
                                    "sizes": []
                                },
                                "space_mobile": {
                                    "unit": "px",
                                    "size": 55,
                                    "sizes": []
                                }
                            },
                            "elements": [],
                            "isInner": false,
                            "widgetType": "spacer",
                            "elType": "widget"
                        }
                    ],
                    "isInner": false,
                    "elType": "column"
                }
            ],
            "isInner": false,
            "elType": "section"
        },
        {
            "id": "d10db53",
            "settings": [],
            "elements": [
                {
                    "id": "653ef45",
                    "settings": {
                        "_column_size": 100,
                        "_inline_size": null
                    },
                    "elements": [
                        {
                            "id": "62973927",
                            "settings": {
                                "space": {
                                    "unit": "px",
                                    "size": 87,
                                    "sizes": []
                                },
                                "space_tablet": {
                                    "unit": "px",
                                    "size": 41,
                                    "sizes": []
                                },
                                "space_mobile": {
                                    "unit": "px",
                                    "size": 10,
                                    "sizes": []
                                }
                            },
                            "elements": [],
                            "isInner": false,
                            "widgetType": "spacer",
                            "elType": "widget"
                        }
                    ],
                    "isInner": false,
                    "elType": "column"
                }
            ],
            "isInner": false,
            "elType": "section"
        }
    ]
}