{
    "version": "0.4",
    "title": "Footer &#8211; Nikicivi Kit",
    "type": "footer",
    "metadata": {
        "template_type": "section-footer",
        "include_in_zip": "1",
        "elementor_pro_required": "1",
        "elementor_library_type": "footer",
        "elementor_pro_conditions": [
            "include\/general"
        ],
        "additional_template_information": [
            "This is a \"Footer\" template for Elementor Pro.",
            "This template will display on: Entire Site."
        ],
        "wp_page_template": "default"
    },
    "content": [
        {
            "id": "333f4940",
            "settings": {
                "structure": "30",
                "background_background": "classic",
                "padding_tablet": {
                    "unit": "px",
                    "top": "0",
                    "right": "10",
                    "bottom": "0",
                    "left": "10",
                    "isLinked": false
                },
                "__globals__": {
                    "background_color": "globals\/colors?id=9b88ddf"
                },
                "_title": "My Contact"
            },
            "elements": [
                {
                    "id": "250e819b",
                    "settings": {
                        "_column_size": 33,
                        "_inline_size": null,
                        "_title": "Contact Info"
                    },
                    "elements": [
                        {
                            "id": "59ffd7e6",
                            "settings": {
                                "space": {
                                    "unit": "px",
                                    "size": 98,
                                    "sizes": []
                                }
                            },
                            "elements": [],
                            "isInner": false,
                            "widgetType": "spacer",
                            "elType": "widget"
                        },
                        {
                            "id": "3cd94c0b",
                            "settings": {
                                "title": "My Contact",
                                "_animation": "none",
                                "__globals__": {
                                    "typography_typography": "globals\/typography?id=text",
                                    "title_color": "globals\/colors?id=accent"
                                },
                                "header_size": "h5",
                                "_padding": {
                                    "unit": "px",
                                    "top": "0",
                                    "right": "0",
                                    "bottom": "0",
                                    "left": "4",
                                    "isLinked": false
                                }
                            },
                            "elements": [],
                            "isInner": false,
                            "widgetType": "heading",
                            "elType": "widget"
                        },
                        {
                            "id": "4f5a3d91",
                            "settings": {
                                "title": "Contact\nInfo",
                                "header_size": "h1",
                                "_animation": "none",
                                "_animation_tablet": "none",
                                "_padding": {
                                    "unit": "px",
                                    "top": "0",
                                    "right": "200",
                                    "bottom": "0",
                                    "left": "0",
                                    "isLinked": false
                                },
                                "__globals__": {
                                    "title_color": "globals\/colors?id=68b3a46",
                                    "typography_typography": "globals\/typography?id=a20c8f0"
                                },
                                "_margin": {
                                    "unit": "px",
                                    "top": "-15",
                                    "right": "0",
                                    "bottom": "0",
                                    "left": "0",
                                    "isLinked": false
                                }
                            },
                            "elements": [],
                            "isInner": false,
                            "widgetType": "heading",
                            "elType": "widget"
                        },
                        {
                            "id": "7beb7cf0",
                            "settings": {
                                "space": {
                                    "unit": "px",
                                    "size": 22,
                                    "sizes": []
                                }
                            },
                            "elements": [],
                            "isInner": false,
                            "widgetType": "spacer",
                            "elType": "widget"
                        },
                        {
                            "id": "6384b742",
                            "settings": {
                                "editor": "<p>Lorem ipsum dolor sit amet, consec adipiscing elit ellus, luctus nec ullamcorper<\/p>",
                                "_animation": "none",
                                "_animation_tablet": "none",
                                "__globals__": {
                                    "text_color": "globals\/colors?id=text",
                                    "typography_typography": "globals\/typography?id=text"
                                }
                            },
                            "elements": [],
                            "isInner": false,
                            "widgetType": "text-editor",
                            "elType": "widget"
                        },
                        {
                            "id": "1e51356a",
                            "settings": {
                                "title": "04 Sulawesi St, Kanigoro,\nBlitar, Jawa Timur",
                                "header_size": "h3",
                                "_animation": "none",
                                "_animation_tablet": "none",
                                "__globals__": {
                                    "title_color": "globals\/colors?id=68b3a46",
                                    "typography_typography": "globals\/typography?id=02ce074"
                                }
                            },
                            "elements": [],
                            "isInner": false,
                            "widgetType": "heading",
                            "elType": "widget"
                        },
                        {
                            "id": "44e6b6a6",
                            "settings": {
                                "title": "+123 4567 8910",
                                "header_size": "h3",
                                "_animation": "none",
                                "_animation_tablet": "none",
                                "__globals__": {
                                    "title_color": "globals\/colors?id=68b3a46",
                                    "typography_typography": "globals\/typography?id=02ce074"
                                }
                            },
                            "elements": [],
                            "isInner": false,
                            "widgetType": "heading",
                            "elType": "widget"
                        },
                        {
                            "id": "14555383",
                            "settings": {
                                "space": {
                                    "unit": "px",
                                    "size": 22,
                                    "sizes": []
                                }
                            },
                            "elements": [],
                            "isInner": false,
                            "widgetType": "spacer",
                            "elType": "widget"
                        },
                        {
                            "id": "77bc68d4",
                            "settings": {
                                "social_icon_list": [
                                    {
                                        "social_icon": {
                                            "value": "fab fa-instagram",
                                            "library": "fa-brands"
                                        },
                                        "_id": "fd331b7",
                                        "link": {
                                            "url": "#",
                                            "is_external": "true",
                                            "nofollow": "",
                                            "custom_attributes": ""
                                        },
                                        "item_icon_color": "custom",
                                        "item_icon_primary_color": "#ED145B"
                                    },
                                    {
                                        "social_icon": {
                                            "value": "fab fa-facebook",
                                            "library": "fa-brands"
                                        },
                                        "link": {
                                            "url": "#",
                                            "is_external": "true",
                                            "nofollow": "",
                                            "custom_attributes": ""
                                        },
                                        "_id": "2c50306"
                                    },
                                    {
                                        "social_icon": {
                                            "value": "fab fa-twitter",
                                            "library": "fa-brands"
                                        },
                                        "_id": "c3904a3",
                                        "link": {
                                            "url": "#",
                                            "is_external": "true",
                                            "nofollow": "",
                                            "custom_attributes": ""
                                        }
                                    },
                                    {
                                        "social_icon": {
                                            "value": "fab fa-youtube",
                                            "library": "fa-brands"
                                        },
                                        "_id": "5c112ec",
                                        "link": {
                                            "url": "#",
                                            "is_external": "true",
                                            "nofollow": "",
                                            "custom_attributes": ""
                                        }
                                    },
                                    {
                                        "social_icon": {
                                            "value": "fab fa-behance",
                                            "library": "fa-brands"
                                        },
                                        "link": {
                                            "url": "#",
                                            "is_external": "true",
                                            "nofollow": "",
                                            "custom_attributes": ""
                                        },
                                        "_id": "99f7304"
                                    },
                                    {
                                        "social_icon": {
                                            "value": "fab fa-dribbble",
                                            "library": "fa-brands"
                                        },
                                        "link": {
                                            "url": "#",
                                            "is_external": "true",
                                            "nofollow": "",
                                            "custom_attributes": ""
                                        },
                                        "_id": "f12f597"
                                    }
                                ],
                                "shape": "circle",
                                "align": "left",
                                "icon_size": {
                                    "unit": "px",
                                    "size": 18,
                                    "sizes": []
                                },
                                "icon_size_tablet": {
                                    "unit": "px",
                                    "size": 14,
                                    "sizes": []
                                },
                                "hover_animation": "shrink",
                                "_z_index": 2,
                                "_animation": "none",
                                "_animation_tablet": "none"
                            },
                            "elements": [],
                            "isInner": false,
                            "widgetType": "social-icons",
                            "elType": "widget"
                        }
                    ],
                    "isInner": false,
                    "elType": "column"
                },
                {
                    "id": "3ad48936",
                    "settings": {
                        "_column_size": 33,
                        "_inline_size": 8,
                        "background_background": "classic",
                        "margin": {
                            "unit": "px",
                            "top": "0",
                            "right": "0",
                            "bottom": "0",
                            "left": "27",
                            "isLinked": false
                        },
                        "hide_mobile": "hidden-phone",
                        "_title": "Yellow Line"
                    },
                    "elements": [
                        {
                            "id": "723c6f4f",
                            "settings": {
                                "space": {
                                    "unit": "px",
                                    "size": 100,
                                    "sizes": []
                                }
                            },
                            "elements": [],
                            "isInner": false,
                            "widgetType": "spacer",
                            "elType": "widget"
                        },
                        {
                            "id": "74293bac",
                            "settings": {
                                "space": {
                                    "unit": "px",
                                    "size": 600,
                                    "sizes": []
                                },
                                "space_mobile": {
                                    "unit": "px",
                                    "size": 58,
                                    "sizes": []
                                },
                                "_background_background": "classic",
                                "_element_width": "initial",
                                "_element_custom_width": {
                                    "unit": "px",
                                    "size": 2,
                                    "sizes": []
                                },
                                "_animation": "fadeInUp",
                                "_title": "Yellow Line",
                                "__globals__": {
                                    "_background_color": "globals\/colors?id=accent"
                                }
                            },
                            "elements": [],
                            "isInner": false,
                            "widgetType": "spacer",
                            "elType": "widget"
                        },
                        {
                            "id": "141550f1",
                            "settings": {
                                "space": {
                                    "unit": "px",
                                    "size": 22,
                                    "sizes": []
                                }
                            },
                            "elements": [],
                            "isInner": false,
                            "widgetType": "spacer",
                            "elType": "widget"
                        }
                    ],
                    "isInner": false,
                    "elType": "column"
                },
                {
                    "id": "16cf9c20",
                    "settings": {
                        "_column_size": 33,
                        "_inline_size": 58.332,
                        "_title": "Form"
                    },
                    "elements": [
                        {
                            "id": "2d52927d",
                            "settings": {
                                "space": {
                                    "unit": "px",
                                    "size": 158,
                                    "sizes": []
                                }
                            },
                            "elements": [],
                            "isInner": false,
                            "widgetType": "spacer",
                            "elType": "widget"
                        },
                        {
                            "id": "480fc072",
                            "settings": {
                                "title": "Need Solution for Your\nDesign Project?",
                                "header_size": "h3",
                                "_animation": "none",
                                "_animation_tablet": "none",
                                "__globals__": {
                                    "title_color": "globals\/colors?id=68b3a46",
                                    "typography_typography": "globals\/typography?id=5fde3f9"
                                }
                            },
                            "elements": [],
                            "isInner": false,
                            "widgetType": "heading",
                            "elType": "widget"
                        },
                        {
                            "id": "4ec55d5c",
                            "settings": {
                                "title": "Let\u2019s Chat with Me!",
                                "_animation": "none",
                                "_animation_tablet": "none",
                                "__globals__": {
                                    "title_color": "globals\/colors?id=accent",
                                    "typography_typography": "globals\/typography?id=410a473"
                                },
                                "_margin": {
                                    "unit": "px",
                                    "top": "-15",
                                    "right": "0",
                                    "bottom": "0",
                                    "left": "0",
                                    "isLinked": false
                                }
                            },
                            "elements": [],
                            "isInner": false,
                            "widgetType": "heading",
                            "elType": "widget"
                        },
                        {
                            "id": "28a21b00",
                            "settings": {
                                "space": {
                                    "unit": "px",
                                    "size": 10,
                                    "sizes": []
                                }
                            },
                            "elements": [],
                            "isInner": false,
                            "widgetType": "spacer",
                            "elType": "widget"
                        },
                        {
                            "id": "79ff37e8",
                            "settings": {
                                "form_name": "New Form",
                                "form_fields": [
                                    {
                                        "custom_id": "name",
                                        "field_label": "Name",
                                        "placeholder": "Name",
                                        "width": "50",
                                        "_id": "079ccf6"
                                    },
                                    {
                                        "custom_id": "email",
                                        "field_type": "email",
                                        "required": "true",
                                        "field_label": "Email",
                                        "placeholder": "Email",
                                        "width": "50",
                                        "_id": "1f87ee3"
                                    },
                                    {
                                        "_id": "7c9dd8f",
                                        "field_label": "Subject",
                                        "placeholder": "Subject",
                                        "custom_id": "field_7c9dd8f"
                                    },
                                    {
                                        "custom_id": "message",
                                        "field_type": "textarea",
                                        "field_label": "Message",
                                        "placeholder": "Message",
                                        "_id": "8af9c92"
                                    }
                                ],
                                "show_labels": "",
                                "step_next_label": "Next",
                                "step_previous_label": "Previous",
                                "button_text": "CONTACT ME",
                                "email_content": "[all-fields]",
                                "email_content_2": "[all-fields]",
                                "success_message": "The form was sent successfully.",
                                "error_message": "An error occurred.",
                                "required_field_message": "This field is required.",
                                "invalid_message": "There's something wrong. The form is invalid.",
                                "row_gap": {
                                    "unit": "px",
                                    "size": 17,
                                    "sizes": []
                                },
                                "html_color": "#54595F",
                                "field_text_color": "#7A7A7A",
                                "field_border_width": {
                                    "unit": "px",
                                    "top": "0",
                                    "right": "0",
                                    "bottom": "0",
                                    "left": "0",
                                    "isLinked": true
                                },
                                "button_border_border": "solid",
                                "button_border_width": {
                                    "unit": "px",
                                    "top": "1",
                                    "right": "1",
                                    "bottom": "1",
                                    "left": "1",
                                    "isLinked": true
                                },
                                "_animation": "none",
                                "label_color": "#B0B0B0",
                                "__globals__": {
                                    "label_typography_typography": "globals\/typography?id=text",
                                    "label_color": "globals\/colors?id=68b3a46",
                                    "html_color": "globals\/colors?id=secondary",
                                    "html_typography_typography": "globals\/typography?id=text",
                                    "field_text_color": "globals\/colors?id=68b3a46",
                                    "field_typography_typography": "globals\/typography?id=text",
                                    "field_background_color": "globals\/colors?id=6cbec4d",
                                    "button_background_color": "globals\/colors?id=accent",
                                    "button_border_color": "globals\/colors?id=accent",
                                    "button_text_color": "globals\/colors?id=2723215",
                                    "button_background_hover_color": "globals\/colors?id=9b88ddf",
                                    "button_hover_color": "globals\/colors?id=68b3a46",
                                    "button_hover_border_color": "globals\/colors?id=accent",
                                    "previous_button_border_color_hover": "",
                                    "button_typography_typography": "globals\/typography?id=aacc926"
                                },
                                "field_background_color": "#464646",
                                "button_background_color": "#E5993B",
                                "button_text_color": "#6E2908",
                                "button_border_color": "#E5993B",
                                "previous_button_text_color": "",
                                "button_background_hover_color": "#252525",
                                "button_hover_color": "#B0B0B0",
                                "button_hover_border_color": "#E5993B",
                                "previous_button_text_color_hover": ""
                            },
                            "elements": [],
                            "isInner": false,
                            "widgetType": "form",
                            "elType": "widget"
                        },
                        {
                            "id": "3c42f07d",
                            "settings": {
                                "space": {
                                    "unit": "px",
                                    "size": 128,
                                    "sizes": []
                                }
                            },
                            "elements": [],
                            "isInner": false,
                            "widgetType": "spacer",
                            "elType": "widget"
                        }
                    ],
                    "isInner": false,
                    "elType": "column"
                }
            ],
            "isInner": false,
            "elType": "section"
        },
        {
            "id": "16a29dcf",
            "settings": {
                "structure": "20",
                "background_background": "classic",
                "padding_tablet": {
                    "unit": "px",
                    "top": "0",
                    "right": "15",
                    "bottom": "0",
                    "left": "15",
                    "isLinked": false
                },
                "padding_mobile": {
                    "unit": "px",
                    "top": "0",
                    "right": "15",
                    "bottom": "0",
                    "left": "15",
                    "isLinked": false
                },
                "_title": "Copyright",
                "__globals__": {
                    "background_color": "globals\/colors?id=primary"
                }
            },
            "elements": [
                {
                    "id": "4a20dc0d",
                    "settings": {
                        "_column_size": 50,
                        "_inline_size": null,
                        "_inline_size_mobile": 37,
                        "_title": "Nikicivi 2021"
                    },
                    "elements": [
                        {
                            "id": "1283f813",
                            "settings": {
                                "space": {
                                    "unit": "px",
                                    "size": 10,
                                    "sizes": []
                                }
                            },
                            "elements": [],
                            "isInner": false,
                            "widgetType": "spacer",
                            "elType": "widget"
                        },
                        {
                            "id": "efbb3ac",
                            "settings": {
                                "editor": "<p>\u00a9 <strong>Nikicivi<\/strong> Kit. 2021.<\/p>",
                                "align": "left",
                                "_margin": {
                                    "unit": "px",
                                    "top": "0",
                                    "right": "0",
                                    "bottom": "-22",
                                    "left": "0",
                                    "isLinked": false
                                },
                                "__globals__": {
                                    "text_color": "globals\/colors?id=text",
                                    "typography_typography": "globals\/typography?id=3007475"
                                },
                                "text_color": "#7A7A7A"
                            },
                            "elements": [],
                            "isInner": false,
                            "widgetType": "text-editor",
                            "elType": "widget"
                        },
                        {
                            "id": "5c1d1571",
                            "settings": {
                                "space": {
                                    "unit": "px",
                                    "size": 10,
                                    "sizes": []
                                }
                            },
                            "elements": [],
                            "isInner": false,
                            "widgetType": "spacer",
                            "elType": "widget"
                        }
                    ],
                    "isInner": false,
                    "elType": "column"
                },
                {
                    "id": "9f5ebb9",
                    "settings": {
                        "_column_size": 50,
                        "_inline_size": null,
                        "_inline_size_mobile": 62,
                        "_title": "By Hellokuro"
                    },
                    "elements": [
                        {
                            "id": "b15b2e",
                            "settings": {
                                "space": {
                                    "unit": "px",
                                    "size": 10,
                                    "sizes": []
                                }
                            },
                            "elements": [],
                            "isInner": false,
                            "widgetType": "spacer",
                            "elType": "widget"
                        },
                        {
                            "id": "38f75572",
                            "settings": {
                                "editor": "<p>Made With Love by <strong>Hellokuro<\/strong><\/p>",
                                "align": "right",
                                "_margin": {
                                    "unit": "px",
                                    "top": "0",
                                    "right": "0",
                                    "bottom": "-22",
                                    "left": "0",
                                    "isLinked": false
                                },
                                "__globals__": {
                                    "text_color": "globals\/colors?id=text",
                                    "typography_typography": "globals\/typography?id=3007475"
                                }
                            },
                            "elements": [],
                            "isInner": false,
                            "widgetType": "text-editor",
                            "elType": "widget"
                        },
                        {
                            "id": "3495ee83",
                            "settings": {
                                "space": {
                                    "unit": "px",
                                    "size": 10,
                                    "sizes": []
                                }
                            },
                            "elements": [],
                            "isInner": false,
                            "widgetType": "spacer",
                            "elType": "widget"
                        }
                    ],
                    "isInner": false,
                    "elType": "column"
                }
            ],
            "isInner": false,
            "elType": "section"
        }
    ]
}