{
    "version": "0.4",
    "title": "Header &#8211; Nikicivi Kit",
    "type": "header",
    "metadata": {
        "template_type": "section-header",
        "include_in_zip": "1",
        "elementor_pro_required": "1",
        "elementor_library_type": "header",
        "elementor_pro_conditions": [
            "include\/general"
        ],
        "additional_template_information": [
            "This is a \"Header\" template for Elementor Pro.",
            "This template will display on: Entire Site."
        ],
        "wp_page_template": "default"
    },
    "content": [
        {
            "id": "65a7bc6a",
            "settings": {
                "gap": "no",
                "custom_height": {
                    "unit": "px",
                    "size": 150
                },
                "content_position": "middle",
                "structure": "40",
                "background_background": "classic",
                "margin": {
                    "unit": "px",
                    "top": "",
                    "right": 0,
                    "bottom": "",
                    "left": 0,
                    "isLinked": true
                },
                "padding_tablet": {
                    "unit": "px",
                    "top": "20",
                    "right": "20",
                    "bottom": "20",
                    "left": "20",
                    "isLinked": false
                },
                "box_shadow_box_shadow": {
                    "horizontal": 0,
                    "vertical": 0,
                    "blur": 24,
                    "spread": 0,
                    "color": "rgba(0,0,0,0.15)"
                },
                "z_index": 3,
                "padding_mobile": {
                    "unit": "px",
                    "top": "20",
                    "right": "20",
                    "bottom": "20",
                    "left": "20",
                    "isLinked": false
                },
                "sticky": "top",
                "html_tag": "header",
                "_timestamp_": "v1QUl4eVRFWHhRYXFNR2lEVURNUFVidz09",
                "motion_fx_motion_fx_scrolling": "yes",
                "motion_fx_translateY_speed": {
                    "unit": "px",
                    "size": 8.6,
                    "sizes": []
                },
                "motion_fx_translateY_affectedRange": {
                    "unit": "%",
                    "size": "",
                    "sizes": {
                        "start": 7,
                        "end": 100
                    }
                },
                "__globals__": {
                    "background_color": "globals\/colors?id=937ce6e"
                }
            },
            "elements": [
                {
                    "id": "2110911a",
                    "settings": {
                        "_column_size": 25,
                        "_inline_size": 3,
                        "_inline_size_mobile": 11,
                        "_inline_size_tablet": 5,
                        "margin_mobile": {
                            "unit": "px",
                            "top": "0",
                            "right": "0",
                            "bottom": "0",
                            "left": "0",
                            "isLinked": false
                        }
                    },
                    "elements": [
                        {
                            "id": "1a0a107f",
                            "settings": {
                                "image": {
                                    "id": 6522,
                                    "url": "https:\/\/templatekit.hellokuro.com\/nikicivi\/wp-content\/uploads\/2021\/04\/logo-nikicivi.png"
                                },
                                "image_size": "full",
                                "_element_width": "initial",
                                "_element_width_mobile": "initial",
                                "_element_custom_width": {
                                    "unit": "px",
                                    "size": 29,
                                    "sizes": []
                                },
                                "_element_custom_width_mobile": {
                                    "unit": "px",
                                    "size": 23,
                                    "sizes": []
                                }
                            },
                            "elements": [],
                            "isInner": false,
                            "widgetType": "image",
                            "elType": "widget"
                        }
                    ],
                    "isInner": false,
                    "elType": "column"
                },
                {
                    "id": "68410dad",
                    "settings": {
                        "_column_size": 25,
                        "_inline_size": 12,
                        "_inline_size_mobile": 42,
                        "_inline_size_tablet": 20,
                        "margin_mobile": {
                            "unit": "px",
                            "top": "0",
                            "right": "0",
                            "bottom": "0",
                            "left": "0",
                            "isLinked": false
                        }
                    },
                    "elements": [
                        {
                            "id": "695aa97",
                            "settings": {
                                "title": "    NIKICIVI",
                                "_padding": {
                                    "unit": "px",
                                    "top": "0",
                                    "right": "0",
                                    "bottom": "0",
                                    "left": "10",
                                    "isLinked": false
                                },
                                "__globals__": {
                                    "title_color": "globals\/colors?id=primary",
                                    "typography_typography": "globals\/typography?id=aacc926"
                                }
                            },
                            "elements": [],
                            "isInner": false,
                            "widgetType": "heading",
                            "elType": "widget"
                        }
                    ],
                    "isInner": false,
                    "elType": "column"
                },
                {
                    "id": "32335e06",
                    "settings": {
                        "_column_size": 25,
                        "_inline_size": 68,
                        "_inline_size_mobile": 47,
                        "_inline_size_tablet": 50,
                        "margin_mobile": {
                            "unit": "px",
                            "top": "0",
                            "right": "0",
                            "bottom": "0",
                            "left": "0",
                            "isLinked": true
                        }
                    },
                    "elements": [
                        {
                            "id": "1942e730",
                            "settings": {
                                "align_items": "right",
                                "animation_line": "slide",
                                "animation_text": "none",
                                "menu_typography_font_size": {
                                    "unit": "px",
                                    "size": 14
                                },
                                "pointer_width": {
                                    "unit": "px",
                                    "size": 2
                                },
                                "toggle_size": {
                                    "unit": "px",
                                    "size": 30
                                },
                                "toggle_border_width": {
                                    "unit": "px",
                                    "size": 0
                                },
                                "toggle_border_radius": {
                                    "unit": "px",
                                    "size": 0
                                },
                                "menu_typography_text_transform": "uppercase",
                                "menu_typography_font_size_tablet": {
                                    "unit": "px",
                                    "size": 13
                                },
                                "menu_space_between": {
                                    "unit": "px",
                                    "size": 6
                                },
                                "menu_space_between_tablet": {
                                    "unit": "px",
                                    "size": 0
                                },
                                "menu_typography_font_weight": "400",
                                "padding_vertical_menu_item": {
                                    "unit": "px",
                                    "size": 36
                                },
                                "full_width": "stretch",
                                "text_align": "center",
                                "toggle_align": "right",
                                "padding_horizontal_menu_item_tablet": {
                                    "unit": "px",
                                    "size": 14
                                },
                                "padding_vertical_dropdown_item_mobile": {
                                    "unit": "px",
                                    "size": 12
                                },
                                "dropdown_top_distance_mobile": {
                                    "unit": "px",
                                    "size": 20
                                },
                                "menu_typography_letter_spacing": {
                                    "unit": "px",
                                    "size": 5.1,
                                    "sizes": []
                                },
                                "indicator": "plus",
                                "dropdown_divider_border": "solid",
                                "dropdown_divider_width": {
                                    "unit": "px",
                                    "size": 1,
                                    "sizes": []
                                },
                                "__globals__": {
                                    "color_menu_item": "globals\/colors?id=afe673f",
                                    "color_menu_item_hover": "globals\/colors?id=primary",
                                    "pointer_color_menu_item_hover": "globals\/colors?id=primary",
                                    "color_menu_item_active": "globals\/colors?id=afe673f",
                                    "pointer_color_menu_item_active": "globals\/colors?id=937ce6e",
                                    "color_dropdown_item": "globals\/colors?id=primary",
                                    "background_color_dropdown_item": "globals\/colors?id=937ce6e",
                                    "color_dropdown_item_hover": "globals\/colors?id=937ce6e",
                                    "background_color_dropdown_item_hover": "globals\/colors?id=primary",
                                    "color_dropdown_item_active": "globals\/colors?id=c4307d0",
                                    "background_color_dropdown_item_active": "globals\/colors?id=937ce6e",
                                    "dropdown_typography_typography": "globals\/typography?id=0abb45c",
                                    "toggle_color": "globals\/colors?id=primary",
                                    "toggle_color_hover": "globals\/colors?id=b7dcd50",
                                    "toggle_background_color": "globals\/colors?id=937ce6e"
                                }
                            },
                            "elements": [],
                            "isInner": false,
                            "widgetType": "nav-menu",
                            "elType": "widget"
                        }
                    ],
                    "isInner": false,
                    "elType": "column"
                },
                {
                    "id": "2bf72132",
                    "settings": {
                        "_column_size": 25,
                        "_inline_size": 17,
                        "_inline_size_mobile": 50,
                        "_inline_size_tablet": 25
                    },
                    "elements": [
                        {
                            "id": "dc09db3",
                            "settings": {
                                "text": "Hire Me",
                                "align": "right",
                                "typography_font_size": {
                                    "unit": "px",
                                    "size": 14
                                },
                                "typography_text_transform": "uppercase",
                                "typography_letter_spacing": {
                                    "unit": "px",
                                    "size": 1.4
                                },
                                "border_radius": {
                                    "unit": "px",
                                    "top": "0",
                                    "right": "0",
                                    "bottom": "0",
                                    "left": "0",
                                    "isLinked": true
                                },
                                "button_box_shadow_box_shadow": {
                                    "horizontal": 0,
                                    "vertical": 0,
                                    "blur": 27,
                                    "spread": 0,
                                    "color": "rgba(0,0,0,0.12)"
                                },
                                "align_tablet": "right",
                                "hide_mobile": "hidden-phone",
                                "button_text_color": "#000000",
                                "background_color": "#FFFFFF",
                                "hover_color": "#FFFFFF",
                                "button_background_hover_color": "#000000",
                                "border_border": "solid",
                                "border_width": {
                                    "unit": "px",
                                    "top": "1",
                                    "right": "1",
                                    "bottom": "1",
                                    "left": "1",
                                    "isLinked": true
                                },
                                "text_padding": {
                                    "unit": "px",
                                    "top": "15",
                                    "right": "50",
                                    "bottom": "15",
                                    "left": "50",
                                    "isLinked": false
                                },
                                "text_padding_mobile": {
                                    "unit": "px",
                                    "top": "10",
                                    "right": "20",
                                    "bottom": "10",
                                    "left": "21",
                                    "isLinked": false
                                },
                                "__globals__": {
                                    "button_text_color": "globals\/colors?id=primary",
                                    "background_color": "globals\/colors?id=937ce6e",
                                    "hover_color": "globals\/colors?id=937ce6e",
                                    "button_background_hover_color": "globals\/colors?id=primary",
                                    "border_color": "globals\/colors?id=primary"
                                }
                            },
                            "elements": [],
                            "isInner": false,
                            "widgetType": "button",
                            "elType": "widget"
                        }
                    ],
                    "isInner": false,
                    "elType": "column"
                }
            ],
            "isInner": false,
            "elType": "section"
        }
    ]
}