{
    "version": "0.4",
    "title": "Hero | Section &#8211; Nikicivi Kit &#8211; 1",
    "type": "section",
    "metadata": {
        "template_type": "section-hero",
        "include_in_zip": "1",
        "elementor_pro_required": null,
        "wp_page_template": "default"
    },
    "content": [
        {
            "id": "60c44d37",
            "settings": {
                "background_background": "classic",
                "background_overlay_background": "classic",
                "background_overlay_image": {
                    "url": "https:\/\/templatekit.hellokuro.com\/nikicivi\/wp-content\/uploads\/2021\/03\/background-n.png",
                    "id": 162
                },
                "background_overlay_position": "initial",
                "background_overlay_size": "auto",
                "background_overlay_opacity": {
                    "unit": "px",
                    "size": 0.39,
                    "sizes": []
                },
                "background_overlay_xpos": {
                    "unit": "px",
                    "size": -229,
                    "sizes": []
                },
                "background_overlay_ypos": {
                    "unit": "px",
                    "size": 42,
                    "sizes": []
                },
                "background_overlay_repeat": "no-repeat",
                "shape_divider_bottom": "curve-asymmetrical",
                "shape_divider_bottom_width": {
                    "unit": "%",
                    "size": 300,
                    "sizes": []
                },
                "shape_divider_bottom_height": {
                    "unit": "px",
                    "size": 60,
                    "sizes": []
                },
                "shape_divider_bottom_above_content": "yes",
                "padding_mobile": {
                    "unit": "px",
                    "top": "0",
                    "right": "0",
                    "bottom": "163",
                    "left": "0",
                    "isLinked": false
                },
                "_title": "Hero - Nikicivi - 1",
                "__globals__": {
                    "background_color": "globals\/colors?id=primary"
                },
                "padding": {
                    "unit": "px",
                    "top": "0",
                    "right": "0",
                    "bottom": "65",
                    "left": "0",
                    "isLinked": false
                },
                "padding_tablet": {
                    "unit": "px",
                    "top": "0",
                    "right": "0",
                    "bottom": "95",
                    "left": "0",
                    "isLinked": false
                },
                "background_overlay_position_mobile": "initial",
                "background_overlay_xpos_mobile": {
                    "unit": "px",
                    "size": -414,
                    "sizes": []
                },
                "background_overlay_ypos_mobile": {
                    "unit": "px",
                    "size": 257,
                    "sizes": []
                }
            },
            "elements": [
                {
                    "id": "93d27c5",
                    "settings": {
                        "_column_size": 100,
                        "_inline_size": null,
                        "padding_tablet": {
                            "unit": "px",
                            "top": "0",
                            "right": "25",
                            "bottom": "0",
                            "left": "25",
                            "isLinked": false
                        },
                        "padding_mobile": {
                            "unit": "px",
                            "top": "0",
                            "right": "25",
                            "bottom": "0",
                            "left": "25",
                            "isLinked": false
                        },
                        "margin": {
                            "unit": "px",
                            "top": "0",
                            "right": "0",
                            "bottom": "-40",
                            "left": "0",
                            "isLinked": false
                        }
                    },
                    "elements": [
                        {
                            "id": "39ccea6d",
                            "settings": {
                                "space": {
                                    "unit": "px",
                                    "size": 127,
                                    "sizes": []
                                },
                                "space_tablet": {
                                    "unit": "px",
                                    "size": 50,
                                    "sizes": []
                                },
                                "space_mobile": {
                                    "unit": "px",
                                    "size": 91,
                                    "sizes": []
                                }
                            },
                            "elements": [],
                            "isInner": false,
                            "widgetType": "spacer",
                            "elType": "widget"
                        },
                        {
                            "id": "30ebd69e",
                            "settings": {
                                "title": "Hello,",
                                "header_size": "h1",
                                "_margin": {
                                    "unit": "px",
                                    "top": "0",
                                    "right": "0",
                                    "bottom": "0",
                                    "left": "0",
                                    "isLinked": false
                                },
                                "_animation": "fadeInDown",
                                "__globals__": {
                                    "title_color": "globals\/colors?id=937ce6e",
                                    "typography_typography": "globals\/typography?id=e40379e"
                                },
                                "_title": "Hello",
                                "_z_index": 1
                            },
                            "elements": [],
                            "isInner": false,
                            "widgetType": "heading",
                            "elType": "widget"
                        },
                        {
                            "id": "150b0a69",
                            "settings": {
                                "title": "I'm Niki Civinemz",
                                "header_size": "h1",
                                "_margin": {
                                    "unit": "px",
                                    "top": "-32",
                                    "right": "0",
                                    "bottom": "0",
                                    "left": "0",
                                    "isLinked": false
                                },
                                "_animation": "fadeInDown",
                                "__globals__": {
                                    "title_color": "globals\/colors?id=937ce6e",
                                    "typography_typography": "globals\/typography?id=e40379e"
                                },
                                "_margin_mobile": {
                                    "unit": "px",
                                    "top": "-17",
                                    "right": "0",
                                    "bottom": "0",
                                    "left": "0",
                                    "isLinked": false
                                },
                                "_z_index": 1
                            },
                            "elements": [],
                            "isInner": false,
                            "widgetType": "heading",
                            "elType": "widget"
                        },
                        {
                            "id": "1eb61a91",
                            "settings": {
                                "title": "Digital Product Creator & Startup Entrepreneur",
                                "_margin": {
                                    "unit": "px",
                                    "top": "-17",
                                    "right": "0",
                                    "bottom": "0",
                                    "left": "0",
                                    "isLinked": false
                                },
                                "_animation": "fadeInLeft",
                                "__globals__": {
                                    "title_color": "globals\/colors?id=accent",
                                    "typography_typography": "globals\/typography?id=ce617f6"
                                },
                                "_margin_mobile": {
                                    "unit": "px",
                                    "top": "0",
                                    "right": "0",
                                    "bottom": "0",
                                    "left": "0",
                                    "isLinked": false
                                },
                                "_padding_tablet": {
                                    "unit": "px",
                                    "top": "0",
                                    "right": "329",
                                    "bottom": "0",
                                    "left": "0",
                                    "isLinked": false
                                },
                                "_z_index": 1,
                                "_padding_mobile": {
                                    "unit": "px",
                                    "top": "0",
                                    "right": "0",
                                    "bottom": "0",
                                    "left": "0",
                                    "isLinked": false
                                }
                            },
                            "elements": [],
                            "isInner": false,
                            "widgetType": "heading",
                            "elType": "widget"
                        },
                        {
                            "id": "7a3c6c6",
                            "settings": {
                                "editor": "<p>Lorem ipsum dolor sit amet, consectetur adipiscing elit, <br \/>sed doeiusmod tempor incididunt ut labore et dolore magna<\/p>",
                                "align_mobile": "left",
                                "_animation": "fadeInUp",
                                "_padding_tablet": {
                                    "unit": "px",
                                    "top": "0",
                                    "right": "400",
                                    "bottom": "33",
                                    "left": "0",
                                    "isLinked": false
                                },
                                "_title": "Text Editor",
                                "__globals__": {
                                    "typography_typography": "globals\/typography?id=text",
                                    "text_color": "globals\/colors?id=text"
                                },
                                "_margin": {
                                    "unit": "px",
                                    "top": "20",
                                    "right": "0",
                                    "bottom": "0",
                                    "left": "0",
                                    "isLinked": false
                                },
                                "_margin_mobile": {
                                    "unit": "px",
                                    "top": "20",
                                    "right": "0",
                                    "bottom": "0",
                                    "left": "0",
                                    "isLinked": false
                                },
                                "_z_index": 1,
                                "_padding_mobile": {
                                    "unit": "px",
                                    "top": "0",
                                    "right": "0",
                                    "bottom": "0",
                                    "left": "0",
                                    "isLinked": false
                                }
                            },
                            "elements": [],
                            "isInner": false,
                            "widgetType": "text-editor",
                            "elType": "widget"
                        },
                        {
                            "id": "6a940fff",
                            "settings": {
                                "image": {
                                    "url": "https:\/\/templatekit.hellokuro.com\/nikicivi\/wp-content\/uploads\/2021\/03\/hero-section-nikicivi-photo-5.png",
                                    "id": 4189
                                },
                                "image_size": "full",
                                "align": "right",
                                "width": {
                                    "unit": "%",
                                    "size": 60,
                                    "sizes": []
                                },
                                "width_tablet": {
                                    "unit": "%",
                                    "size": 72,
                                    "sizes": []
                                },
                                "width_mobile": {
                                    "unit": "%",
                                    "size": 100,
                                    "sizes": []
                                },
                                "_animation": "fadeIn",
                                "_offset_orientation_h": "end",
                                "_offset_x": {
                                    "unit": "px",
                                    "size": 11,
                                    "sizes": []
                                },
                                "_offset_x_end_tablet": {
                                    "unit": "px",
                                    "size": -410.7,
                                    "sizes": []
                                },
                                "_offset_x_end_mobile": {
                                    "unit": "px",
                                    "size": 3.2,
                                    "sizes": []
                                },
                                "_offset_y": {
                                    "unit": "px",
                                    "size": 57,
                                    "sizes": []
                                },
                                "_offset_y_tablet": {
                                    "unit": "px",
                                    "size": 21,
                                    "sizes": []
                                },
                                "_offset_y_mobile": {
                                    "unit": "px",
                                    "size": 408,
                                    "sizes": []
                                },
                                "_offset_x_end": {
                                    "unit": "px",
                                    "size": -5.5,
                                    "sizes": []
                                },
                                "_element_width_tablet": "initial",
                                "_margin": {
                                    "unit": "px",
                                    "top": "-434",
                                    "right": "0",
                                    "bottom": "0",
                                    "left": "0",
                                    "isLinked": false
                                },
                                "_margin_tablet": {
                                    "unit": "px",
                                    "top": "-379",
                                    "right": "0",
                                    "bottom": "0",
                                    "left": "119",
                                    "isLinked": false
                                },
                                "_margin_mobile": {
                                    "unit": "px",
                                    "top": "0",
                                    "right": "0",
                                    "bottom": "0",
                                    "left": "0",
                                    "isLinked": false
                                },
                                "_padding_tablet": {
                                    "unit": "px",
                                    "top": "0",
                                    "right": "0",
                                    "bottom": "0",
                                    "left": "0",
                                    "isLinked": false
                                }
                            },
                            "elements": [],
                            "isInner": false,
                            "widgetType": "image",
                            "elType": "widget"
                        }
                    ],
                    "isInner": false,
                    "elType": "column"
                }
            ],
            "isInner": false,
            "elType": "section"
        },
        {
            "id": "565926ef",
            "settings": {
                "structure": "30",
                "margin": {
                    "unit": "px",
                    "top": "-180",
                    "right": 0,
                    "bottom": "0",
                    "left": 0,
                    "isLinked": false
                },
                "z_index": 2,
                "_title": "3 Rectangles"
            },
            "elements": [
                {
                    "id": "84c03a4",
                    "settings": {
                        "_column_size": 33,
                        "_inline_size": null,
                        "_title": "Years"
                    },
                    "elements": [
                        {
                            "id": "56b18b1b",
                            "settings": {
                                "ending_number": 15,
                                "title": "YEARS EXPERIENCE",
                                "_margin": {
                                    "unit": "px",
                                    "top": "0",
                                    "right": "38",
                                    "bottom": "0",
                                    "left": "38",
                                    "isLinked": false
                                },
                                "_margin_tablet": {
                                    "unit": "px",
                                    "top": "0",
                                    "right": "20",
                                    "bottom": "0",
                                    "left": "20",
                                    "isLinked": false
                                },
                                "_padding": {
                                    "unit": "px",
                                    "top": "60",
                                    "right": "0",
                                    "bottom": "60",
                                    "left": "0",
                                    "isLinked": false
                                },
                                "_padding_tablet": {
                                    "unit": "px",
                                    "top": "50",
                                    "right": "0",
                                    "bottom": "50",
                                    "left": "0",
                                    "isLinked": false
                                },
                                "_padding_mobile": {
                                    "unit": "px",
                                    "top": "40",
                                    "right": "0",
                                    "bottom": "40",
                                    "left": "0",
                                    "isLinked": false
                                },
                                "_background_background": "classic",
                                "_background_hover_background": "classic",
                                "_box_shadow_box_shadow_type": "yes",
                                "_box_shadow_box_shadow": {
                                    "horizontal": 6,
                                    "vertical": 16,
                                    "blur": 29,
                                    "spread": -9,
                                    "color": "rgba(0,0,0,0.5)"
                                },
                                "_offset_y": {
                                    "unit": "px",
                                    "size": -116,
                                    "sizes": []
                                },
                                "_offset_y_tablet": {
                                    "unit": "px",
                                    "size": -95,
                                    "sizes": []
                                },
                                "_offset_y_mobile": {
                                    "unit": "px",
                                    "size": -116,
                                    "sizes": []
                                },
                                "_title": "Counter",
                                "__globals__": {
                                    "typography_number_typography": "globals\/typography?id=a20c8f0",
                                    "number_color": "globals\/colors?id=primary",
                                    "typography_title_typography": "globals\/typography?id=857a9ea",
                                    "title_color": "globals\/colors?id=2723215",
                                    "_background_color": "globals\/colors?id=937ce6e"
                                }
                            },
                            "elements": [],
                            "isInner": false,
                            "widgetType": "counter",
                            "elType": "widget"
                        }
                    ],
                    "isInner": false,
                    "elType": "column"
                },
                {
                    "id": "2d30e022",
                    "settings": {
                        "_column_size": 33,
                        "_inline_size": null,
                        "_title": "Happy Clients"
                    },
                    "elements": [
                        {
                            "id": "19e07df8",
                            "settings": {
                                "ending_number": 267,
                                "title": "HAPPY CLIENTS",
                                "_margin": {
                                    "unit": "px",
                                    "top": "0",
                                    "right": "39",
                                    "bottom": "0",
                                    "left": "38",
                                    "isLinked": false
                                },
                                "_margin_tablet": {
                                    "unit": "px",
                                    "top": "0",
                                    "right": "20",
                                    "bottom": "0",
                                    "left": "20",
                                    "isLinked": false
                                },
                                "_padding": {
                                    "unit": "px",
                                    "top": "60",
                                    "right": "0",
                                    "bottom": "60",
                                    "left": "0",
                                    "isLinked": false
                                },
                                "_padding_tablet": {
                                    "unit": "px",
                                    "top": "50",
                                    "right": "0",
                                    "bottom": "50",
                                    "left": "0",
                                    "isLinked": false
                                },
                                "_padding_mobile": {
                                    "unit": "px",
                                    "top": "40",
                                    "right": "0",
                                    "bottom": "40",
                                    "left": "0",
                                    "isLinked": false
                                },
                                "_background_background": "classic",
                                "_background_hover_background": "classic",
                                "_box_shadow_box_shadow_type": "yes",
                                "_box_shadow_box_shadow": {
                                    "horizontal": 6,
                                    "vertical": 16,
                                    "blur": 29,
                                    "spread": -9,
                                    "color": "rgba(0,0,0,0.5)"
                                },
                                "_offset_y": {
                                    "size": -114,
                                    "unit": "px"
                                },
                                "_offset_y_tablet": {
                                    "unit": "px",
                                    "size": -95,
                                    "sizes": []
                                },
                                "_offset_y_mobile": {
                                    "unit": "px",
                                    "size": 88,
                                    "sizes": []
                                },
                                "__globals__": {
                                    "typography_title_typography": "globals\/typography?id=857a9ea",
                                    "typography_number_typography": "globals\/typography?id=a20c8f0",
                                    "title_color": "globals\/colors?id=2723215",
                                    "number_color": "globals\/colors?id=2723215",
                                    "_background_color": "globals\/colors?id=accent",
                                    "_background_hover_color": "globals\/colors?id=937ce6e"
                                },
                                "_offset_x": {
                                    "size": -9,
                                    "unit": "px"
                                }
                            },
                            "elements": [],
                            "isInner": false,
                            "widgetType": "counter",
                            "elType": "widget"
                        }
                    ],
                    "isInner": false,
                    "elType": "column"
                },
                {
                    "id": "327cda4d",
                    "settings": {
                        "_column_size": 33,
                        "_inline_size": null,
                        "_title": "Projects Completed"
                    },
                    "elements": [
                        {
                            "id": "3a2f6c88",
                            "settings": {
                                "ending_number": 368,
                                "title": "PROJECTS COMPLETED",
                                "_margin": {
                                    "unit": "px",
                                    "top": "0",
                                    "right": "38",
                                    "bottom": "0",
                                    "left": "38",
                                    "isLinked": false
                                },
                                "_margin_tablet": {
                                    "unit": "px",
                                    "top": "0",
                                    "right": "20",
                                    "bottom": "0",
                                    "left": "20",
                                    "isLinked": false
                                },
                                "_padding": {
                                    "unit": "px",
                                    "top": "60",
                                    "right": "0",
                                    "bottom": "60",
                                    "left": "0",
                                    "isLinked": false
                                },
                                "_padding_tablet": {
                                    "unit": "px",
                                    "top": "50",
                                    "right": "0",
                                    "bottom": "50",
                                    "left": "0",
                                    "isLinked": false
                                },
                                "_padding_mobile": {
                                    "unit": "px",
                                    "top": "40",
                                    "right": "0",
                                    "bottom": "40",
                                    "left": "0",
                                    "isLinked": false
                                },
                                "_background_background": "classic",
                                "_background_hover_background": "classic",
                                "_box_shadow_box_shadow_type": "yes",
                                "_box_shadow_box_shadow": {
                                    "horizontal": 6,
                                    "vertical": 16,
                                    "blur": 29,
                                    "spread": -9,
                                    "color": "rgba(0,0,0,0.5)"
                                },
                                "_offset_y": {
                                    "unit": "px",
                                    "size": -116,
                                    "sizes": []
                                },
                                "_offset_y_tablet": {
                                    "unit": "px",
                                    "size": -95,
                                    "sizes": []
                                },
                                "_offset_y_mobile": {
                                    "unit": "px",
                                    "size": 297,
                                    "sizes": []
                                },
                                "__globals__": {
                                    "number_color": "globals\/colors?id=primary",
                                    "typography_number_typography": "globals\/typography?id=a20c8f0",
                                    "title_color": "globals\/colors?id=2723215",
                                    "typography_title_typography": "globals\/typography?id=857a9ea",
                                    "_background_color": "globals\/colors?id=937ce6e"
                                }
                            },
                            "elements": [],
                            "isInner": false,
                            "widgetType": "counter",
                            "elType": "widget"
                        }
                    ],
                    "isInner": false,
                    "elType": "column"
                }
            ],
            "isInner": false,
            "elType": "section"
        }
    ]
}