{
    "version": "0.4",
    "title": "Hero | Section &#8211; Nikicivi Kit &#8211; 3",
    "type": "section",
    "metadata": {
        "template_type": "section-hero",
        "include_in_zip": "1",
        "elementor_pro_required": null,
        "wp_page_template": "default"
    },
    "content": [
        {
            "id": "c847edf",
            "settings": {
                "background_background": "classic",
                "background_overlay_background": "classic",
                "background_overlay_image": {
                    "url": "https:\/\/templatekit.hellokuro.com\/nikicivi\/wp-content\/uploads\/2021\/03\/background-n.png",
                    "id": 162
                },
                "background_overlay_position": "initial",
                "background_overlay_size": "auto",
                "background_overlay_opacity": {
                    "unit": "px",
                    "size": 0.39,
                    "sizes": []
                },
                "background_overlay_position_tablet": "initial",
                "background_overlay_position_mobile": "initial",
                "background_overlay_xpos": {
                    "unit": "px",
                    "size": -229,
                    "sizes": []
                },
                "background_overlay_xpos_tablet": {
                    "unit": "px",
                    "size": -156,
                    "sizes": []
                },
                "background_overlay_xpos_mobile": {
                    "unit": "px",
                    "size": -184,
                    "sizes": []
                },
                "background_overlay_ypos_mobile": {
                    "unit": "px",
                    "size": 350,
                    "sizes": []
                },
                "background_overlay_repeat_mobile": "no-repeat",
                "padding_tablet": {
                    "unit": "px",
                    "top": "0",
                    "right": "0",
                    "bottom": "2",
                    "left": "0",
                    "isLinked": false
                },
                "padding_mobile": {
                    "unit": "px",
                    "top": "87",
                    "right": "0",
                    "bottom": "4",
                    "left": "0",
                    "isLinked": false
                },
                "background_overlay_ypos": {
                    "unit": "px",
                    "size": 46,
                    "sizes": []
                },
                "background_overlay_repeat": "no-repeat",
                "shape_divider_bottom": "curve-asymmetrical",
                "shape_divider_bottom_width": {
                    "unit": "%",
                    "size": 300,
                    "sizes": []
                },
                "shape_divider_bottom_height": {
                    "unit": "px",
                    "size": 6,
                    "sizes": []
                },
                "shape_divider_bottom_above_content": "yes",
                "_title": "Hero - Nikicivi - 3",
                "__globals__": {
                    "background_color": "globals\/colors?id=primary"
                }
            },
            "elements": [
                {
                    "id": "5f865860",
                    "settings": {
                        "_column_size": 100,
                        "_inline_size": null,
                        "padding_tablet": {
                            "unit": "px",
                            "top": "0",
                            "right": "25",
                            "bottom": "0",
                            "left": "25",
                            "isLinked": false
                        },
                        "padding_mobile": {
                            "unit": "px",
                            "top": "0",
                            "right": "25",
                            "bottom": "0",
                            "left": "25",
                            "isLinked": false
                        },
                        "padding": {
                            "unit": "px",
                            "top": "0",
                            "right": "0",
                            "bottom": "0",
                            "left": "0",
                            "isLinked": false
                        }
                    },
                    "elements": [
                        {
                            "id": "657e7a92",
                            "settings": {
                                "space": {
                                    "unit": "px",
                                    "size": 111,
                                    "sizes": []
                                },
                                "space_tablet": {
                                    "unit": "px",
                                    "size": 54,
                                    "sizes": []
                                },
                                "space_mobile": {
                                    "unit": "px",
                                    "size": 10,
                                    "sizes": []
                                }
                            },
                            "elements": [],
                            "isInner": false,
                            "widgetType": "spacer",
                            "elType": "widget"
                        },
                        {
                            "id": "9e94ead",
                            "settings": {
                                "title": "Hello,",
                                "header_size": "h1",
                                "_margin": {
                                    "unit": "px",
                                    "top": "0",
                                    "right": "0",
                                    "bottom": "0",
                                    "left": "0",
                                    "isLinked": false
                                },
                                "_animation": "fadeInDown",
                                "__globals__": {
                                    "title_color": "globals\/colors?id=937ce6e",
                                    "typography_typography": "globals\/typography?id=e40379e"
                                },
                                "_title": "Hello",
                                "_z_index": 2,
                                "align_tablet": "left",
                                "_padding": {
                                    "unit": "px",
                                    "top": "0",
                                    "right": "0",
                                    "bottom": "0",
                                    "left": "620",
                                    "isLinked": false
                                },
                                "_padding_tablet": {
                                    "unit": "px",
                                    "top": "0",
                                    "right": "0",
                                    "bottom": "0",
                                    "left": "412",
                                    "isLinked": false
                                },
                                "_padding_mobile": {
                                    "unit": "px",
                                    "top": "0",
                                    "right": "0",
                                    "bottom": "0",
                                    "left": "0",
                                    "isLinked": false
                                }
                            },
                            "elements": [],
                            "isInner": false,
                            "widgetType": "heading",
                            "elType": "widget"
                        },
                        {
                            "id": "2f7ca8aa",
                            "settings": {
                                "title": "I'm Niki Civinemz",
                                "header_size": "h1",
                                "_margin": {
                                    "unit": "px",
                                    "top": "-32",
                                    "right": "0",
                                    "bottom": "0",
                                    "left": "0",
                                    "isLinked": false
                                },
                                "_animation": "fadeInDown",
                                "__globals__": {
                                    "title_color": "globals\/colors?id=937ce6e",
                                    "typography_typography": "globals\/typography?id=e40379e"
                                },
                                "_margin_mobile": {
                                    "unit": "px",
                                    "top": "-17",
                                    "right": "0",
                                    "bottom": "0",
                                    "left": "0",
                                    "isLinked": false
                                },
                                "_z_index": 2,
                                "_margin_tablet": {
                                    "unit": "px",
                                    "top": "-13",
                                    "right": "0",
                                    "bottom": "0",
                                    "left": "0",
                                    "isLinked": false
                                },
                                "_padding": {
                                    "unit": "px",
                                    "top": "0",
                                    "right": "0",
                                    "bottom": "0",
                                    "left": "620",
                                    "isLinked": false
                                },
                                "_padding_tablet": {
                                    "unit": "px",
                                    "top": "0",
                                    "right": "0",
                                    "bottom": "0",
                                    "left": "412",
                                    "isLinked": false
                                },
                                "_padding_mobile": {
                                    "unit": "px",
                                    "top": "0",
                                    "right": "0",
                                    "bottom": "0",
                                    "left": "0",
                                    "isLinked": false
                                }
                            },
                            "elements": [],
                            "isInner": false,
                            "widgetType": "heading",
                            "elType": "widget"
                        },
                        {
                            "id": "5722f99c",
                            "settings": {
                                "title": "Digital Product Creator & Startup Entrepreneur",
                                "_margin": {
                                    "unit": "px",
                                    "top": "-17",
                                    "right": "0",
                                    "bottom": "0",
                                    "left": "0",
                                    "isLinked": false
                                },
                                "_animation": "fadeInLeft",
                                "__globals__": {
                                    "title_color": "globals\/colors?id=accent",
                                    "typography_typography": "globals\/typography?id=ce617f6"
                                },
                                "_margin_mobile": {
                                    "unit": "px",
                                    "top": "0",
                                    "right": "0",
                                    "bottom": "0",
                                    "left": "0",
                                    "isLinked": false
                                },
                                "_padding_tablet": {
                                    "unit": "px",
                                    "top": "0",
                                    "right": "0",
                                    "bottom": "0",
                                    "left": "412",
                                    "isLinked": false
                                },
                                "_z_index": 2,
                                "_padding_mobile": {
                                    "unit": "px",
                                    "top": "0",
                                    "right": "0",
                                    "bottom": "0",
                                    "left": "0",
                                    "isLinked": false
                                },
                                "_padding": {
                                    "unit": "px",
                                    "top": "0",
                                    "right": "0",
                                    "bottom": "0",
                                    "left": "620",
                                    "isLinked": false
                                }
                            },
                            "elements": [],
                            "isInner": false,
                            "widgetType": "heading",
                            "elType": "widget"
                        },
                        {
                            "id": "52ad0b36",
                            "settings": {
                                "editor": "<p>Lorem ipsum dolor sit amet, consectetur adipiscing elit, <br \/>sed doeiusmod tempor incididunt ut labore et dolore magna<\/p>",
                                "align_mobile": "left",
                                "_animation": "fadeInUp",
                                "_padding_tablet": {
                                    "unit": "px",
                                    "top": "0",
                                    "right": "0",
                                    "bottom": "0",
                                    "left": "412",
                                    "isLinked": false
                                },
                                "_title": "Text Editor",
                                "__globals__": {
                                    "typography_typography": "globals\/typography?id=text",
                                    "text_color": "globals\/colors?id=text"
                                },
                                "_margin": {
                                    "unit": "px",
                                    "top": "20",
                                    "right": "0",
                                    "bottom": "0",
                                    "left": "0",
                                    "isLinked": false
                                },
                                "_margin_mobile": {
                                    "unit": "px",
                                    "top": "20",
                                    "right": "0",
                                    "bottom": "0",
                                    "left": "0",
                                    "isLinked": false
                                },
                                "_z_index": 1,
                                "_padding_mobile": {
                                    "unit": "px",
                                    "top": "0",
                                    "right": "0",
                                    "bottom": "0",
                                    "left": "0",
                                    "isLinked": false
                                },
                                "_padding": {
                                    "unit": "px",
                                    "top": "0",
                                    "right": "0",
                                    "bottom": "0",
                                    "left": "620",
                                    "isLinked": false
                                }
                            },
                            "elements": [],
                            "isInner": false,
                            "widgetType": "text-editor",
                            "elType": "widget"
                        },
                        {
                            "id": "118088cf",
                            "settings": {
                                "image": {
                                    "url": "https:\/\/templatekit.hellokuro.com\/nikicivi\/wp-content\/uploads\/2021\/03\/hero-section-nikicivi-photo-5.png",
                                    "id": 4189
                                },
                                "image_size": "full",
                                "align": "left",
                                "width": {
                                    "unit": "%",
                                    "size": 78,
                                    "sizes": []
                                },
                                "width_tablet": {
                                    "unit": "%",
                                    "size": 67,
                                    "sizes": []
                                },
                                "width_mobile": {
                                    "unit": "%",
                                    "size": 100,
                                    "sizes": []
                                },
                                "_animation": "fadeIn",
                                "_offset_orientation_h": "end",
                                "_offset_x": {
                                    "unit": "px",
                                    "size": 11,
                                    "sizes": []
                                },
                                "_offset_x_end_tablet": {
                                    "unit": "px",
                                    "size": 343.4,
                                    "sizes": []
                                },
                                "_offset_x_end_mobile": {
                                    "unit": "px",
                                    "size": -12,
                                    "sizes": []
                                },
                                "_offset_y": {
                                    "unit": "px",
                                    "size": -653,
                                    "sizes": []
                                },
                                "_offset_y_tablet": {
                                    "unit": "px",
                                    "size": -426,
                                    "sizes": []
                                },
                                "_offset_y_mobile": {
                                    "unit": "px",
                                    "size": -406,
                                    "sizes": []
                                },
                                "_offset_x_end": {
                                    "unit": "px",
                                    "size": 557.1,
                                    "sizes": []
                                },
                                "_offset_orientation_v": "end",
                                "_offset_y_end": {
                                    "unit": "px",
                                    "size": 4,
                                    "sizes": []
                                },
                                "_offset_y_end_mobile": {
                                    "unit": "px",
                                    "size": -426,
                                    "sizes": []
                                },
                                "_offset_y_end_tablet": {
                                    "unit": "px",
                                    "size": -15,
                                    "sizes": []
                                },
                                "align_tablet": "left",
                                "align_mobile": "right",
                                "_element_width": "initial",
                                "_element_custom_width": {
                                    "unit": "px",
                                    "size": 795,
                                    "sizes": []
                                },
                                "_margin": {
                                    "unit": "px",
                                    "top": "-417",
                                    "right": "0",
                                    "bottom": "0",
                                    "left": "0",
                                    "isLinked": false
                                },
                                "_margin_tablet": {
                                    "unit": "px",
                                    "top": "-444",
                                    "right": "0",
                                    "bottom": "0",
                                    "left": "-101",
                                    "isLinked": false
                                },
                                "_margin_mobile": {
                                    "unit": "px",
                                    "top": "0",
                                    "right": "0",
                                    "bottom": "0",
                                    "left": "0",
                                    "isLinked": false
                                }
                            },
                            "elements": [],
                            "isInner": false,
                            "widgetType": "image",
                            "elType": "widget"
                        },
                        {
                            "id": "4cdaf6d9",
                            "settings": {
                                "space": {
                                    "unit": "px",
                                    "size": 70,
                                    "sizes": []
                                },
                                "_margin": {
                                    "unit": "px",
                                    "top": "0",
                                    "right": "0",
                                    "bottom": "0",
                                    "left": "1013",
                                    "isLinked": false
                                },
                                "_margin_tablet": {
                                    "unit": "px",
                                    "top": "0",
                                    "right": "0",
                                    "bottom": "0",
                                    "left": "617",
                                    "isLinked": false
                                },
                                "_margin_mobile": {
                                    "unit": "px",
                                    "top": "0",
                                    "right": "0",
                                    "bottom": "0",
                                    "left": "200",
                                    "isLinked": false
                                },
                                "_padding": {
                                    "unit": "px",
                                    "top": "0",
                                    "right": "0",
                                    "bottom": "147",
                                    "left": "297",
                                    "isLinked": false
                                },
                                "_padding_tablet": {
                                    "unit": "px",
                                    "top": "30",
                                    "right": "0",
                                    "bottom": "0",
                                    "left": "0",
                                    "isLinked": false
                                },
                                "_padding_mobile": {
                                    "unit": "px",
                                    "top": "0",
                                    "right": "0",
                                    "bottom": "135",
                                    "left": "0",
                                    "isLinked": false
                                },
                                "_animation": "fadeInLeft",
                                "_background_background": "classic",
                                "_position": "absolute",
                                "_offset_x": {
                                    "unit": "px",
                                    "size": -172,
                                    "sizes": []
                                },
                                "_offset_x_tablet": {
                                    "unit": "px",
                                    "size": -276,
                                    "sizes": []
                                },
                                "_offset_x_mobile": {
                                    "unit": "px",
                                    "size": -69,
                                    "sizes": []
                                },
                                "_offset_y_end": {
                                    "unit": "px",
                                    "size": 315,
                                    "sizes": []
                                },
                                "_offset_y_end_tablet": {
                                    "unit": "px",
                                    "size": 80,
                                    "sizes": []
                                },
                                "_offset_y_end_mobile": {
                                    "unit": "px",
                                    "size": 90,
                                    "sizes": []
                                },
                                "_title": "Orange Rectangle",
                                "space_tablet": {
                                    "unit": "px",
                                    "size": 77,
                                    "sizes": []
                                },
                                "space_mobile": {
                                    "unit": "px",
                                    "size": 10,
                                    "sizes": []
                                },
                                "_offset_orientation_h": "end",
                                "_offset_x_end": {
                                    "unit": "px",
                                    "size": 65.5,
                                    "sizes": []
                                },
                                "_offset_x_end_tablet": {
                                    "unit": "px",
                                    "size": -24.5,
                                    "sizes": []
                                },
                                "_offset_x_end_mobile": {
                                    "unit": "px",
                                    "size": -22,
                                    "sizes": []
                                },
                                "_offset_y": {
                                    "unit": "px",
                                    "size": 54,
                                    "sizes": []
                                },
                                "_offset_y_tablet": {
                                    "unit": "px",
                                    "size": 134,
                                    "sizes": []
                                },
                                "_offset_y_mobile": {
                                    "unit": "px",
                                    "size": 4,
                                    "sizes": []
                                },
                                "__globals__": {
                                    "_background_color": "globals\/colors?id=accent"
                                }
                            },
                            "elements": [],
                            "isInner": false,
                            "widgetType": "spacer",
                            "elType": "widget"
                        }
                    ],
                    "isInner": false,
                    "elType": "column"
                }
            ],
            "isInner": false,
            "elType": "section"
        }
    ]
}