{
    "version": "0.4",
    "title": "Portfolio Black | Section &#8211; Nikicivi Kit",
    "type": "section",
    "metadata": {
        "template_type": "section-portfolio",
        "include_in_zip": "1",
        "elementor_pro_required": null,
        "wp_page_template": "default"
    },
    "content": [
        {
            "id": "1a249334",
            "settings": {
                "structure": "20",
                "background_background": "gradient",
                "background_overlay_background": "classic",
                "background_overlay_position": "initial",
                "background_overlay_xpos": {
                    "unit": "px",
                    "size": -197,
                    "sizes": []
                },
                "background_overlay_ypos": {
                    "unit": "px",
                    "size": 143,
                    "sizes": []
                },
                "background_overlay_repeat": "no-repeat",
                "background_overlay_size": "cover",
                "background_overlay_opacity": {
                    "unit": "px",
                    "size": 0.39,
                    "sizes": []
                },
                "background_color_b_stop": {
                    "unit": "%",
                    "size": 38,
                    "sizes": []
                },
                "_title": "Portfolio | Black - Nikicivi",
                "__globals__": {
                    "background_color": "globals\/colors?id=23e41ad",
                    "background_color_b": "globals\/colors?id=primary"
                }
            },
            "elements": [
                {
                    "id": "13d47029",
                    "settings": {
                        "_column_size": 50,
                        "_inline_size": 32,
                        "background_background": "classic",
                        "background_position": "top center",
                        "background_repeat": "no-repeat",
                        "background_size": "initial",
                        "background_bg_width": {
                            "unit": "%",
                            "size": 59,
                            "sizes": []
                        },
                        "background_overlay_background": "classic",
                        "background_overlay_repeat": "no-repeat",
                        "background_overlay_size": "cover",
                        "background_overlay_opacity": {
                            "unit": "px",
                            "size": 1,
                            "sizes": []
                        },
                        "padding_tablet": {
                            "unit": "px",
                            "top": "0",
                            "right": "15",
                            "bottom": "0",
                            "left": "15",
                            "isLinked": false
                        },
                        "padding_mobile": {
                            "unit": "px",
                            "top": "0",
                            "right": "25",
                            "bottom": "0",
                            "left": "25",
                            "isLinked": false
                        },
                        "_title": "My Recent Works"
                    },
                    "elements": [
                        {
                            "id": "22d89163",
                            "settings": {
                                "space": {
                                    "unit": "px",
                                    "size": 115,
                                    "sizes": []
                                }
                            },
                            "elements": [],
                            "isInner": false,
                            "widgetType": "spacer",
                            "elType": "widget"
                        },
                        {
                            "id": "45002116",
                            "settings": {
                                "title": "My\nRecent\nWorks",
                                "_animation": "fadeInDown",
                                "__globals__": {
                                    "typography_typography": "globals\/typography?id=primary",
                                    "title_color": "globals\/colors?id=accent"
                                },
                                "header_size": "h5",
                                "_padding": {
                                    "unit": "px",
                                    "top": "0",
                                    "right": "0",
                                    "bottom": "0",
                                    "left": "4",
                                    "isLinked": false
                                }
                            },
                            "elements": [],
                            "isInner": false,
                            "widgetType": "heading",
                            "elType": "widget"
                        },
                        {
                            "id": "272cec8f",
                            "settings": {
                                "title": "Portfolio",
                                "_margin": {
                                    "unit": "px",
                                    "top": "-14",
                                    "right": "0",
                                    "bottom": "0",
                                    "left": "0",
                                    "isLinked": false
                                },
                                "_animation": "fadeInLeft",
                                "__globals__": {
                                    "typography_typography": "globals\/typography?id=e40379e",
                                    "title_color": "globals\/colors?id=68b3a46"
                                },
                                "header_size": "h1"
                            },
                            "elements": [],
                            "isInner": false,
                            "widgetType": "heading",
                            "elType": "widget"
                        },
                        {
                            "id": "7ef5b799",
                            "settings": {
                                "space": {
                                    "unit": "px",
                                    "size": 115,
                                    "sizes": []
                                },
                                "space_mobile": {
                                    "unit": "px",
                                    "size": 30,
                                    "sizes": []
                                }
                            },
                            "elements": [],
                            "isInner": false,
                            "widgetType": "spacer",
                            "elType": "widget"
                        }
                    ],
                    "isInner": false,
                    "elType": "column"
                },
                {
                    "id": "1e7e2b78",
                    "settings": {
                        "_column_size": 50,
                        "_inline_size": 68,
                        "background_background": "classic",
                        "padding": {
                            "unit": "px",
                            "top": "0",
                            "right": "73",
                            "bottom": "0",
                            "left": "0",
                            "isLinked": false
                        },
                        "padding_tablet": {
                            "unit": "px",
                            "top": "0",
                            "right": "25",
                            "bottom": "0",
                            "left": "15",
                            "isLinked": false
                        },
                        "padding_mobile": {
                            "unit": "px",
                            "top": "0",
                            "right": "25",
                            "bottom": "0",
                            "left": "25",
                            "isLinked": false
                        },
                        "_title": "Gallery"
                    },
                    "elements": [
                        {
                            "id": "31068851",
                            "settings": {
                                "space": {
                                    "unit": "px",
                                    "size": 115,
                                    "sizes": []
                                },
                                "space_mobile": {
                                    "unit": "px",
                                    "size": 44,
                                    "sizes": []
                                }
                            },
                            "elements": [],
                            "isInner": false,
                            "widgetType": "spacer",
                            "elType": "widget"
                        },
                        {
                            "id": "79dac0f0",
                            "settings": {
                                "gallery": [
                                    {
                                        "id": 3130,
                                        "url": "https:\/\/templatekit.hellokuro.com\/nikicivi\/wp-content\/uploads\/2021\/03\/portfolio-blog-nikicivi-new-1.jpg"
                                    },
                                    {
                                        "id": 3131,
                                        "url": "https:\/\/templatekit.hellokuro.com\/nikicivi\/wp-content\/uploads\/2021\/03\/portfolio-blog-nikicivi-new-2.jpg"
                                    },
                                    {
                                        "id": 3132,
                                        "url": "https:\/\/templatekit.hellokuro.com\/nikicivi\/wp-content\/uploads\/2021\/03\/portfolio-blog-nikicivi-new-3.jpg"
                                    },
                                    {
                                        "id": 3127,
                                        "url": "https:\/\/templatekit.hellokuro.com\/nikicivi\/wp-content\/uploads\/2021\/03\/portfolio-blog-nikicivi-new-4.jpg"
                                    },
                                    {
                                        "id": 3128,
                                        "url": "https:\/\/templatekit.hellokuro.com\/nikicivi\/wp-content\/uploads\/2021\/03\/portfolio-blog-nikicivi-new-5.jpg"
                                    },
                                    {
                                        "id": 3129,
                                        "url": "https:\/\/templatekit.hellokuro.com\/nikicivi\/wp-content\/uploads\/2021\/03\/portfolio-blog-nikicivi-new-6.jpg"
                                    }
                                ],
                                "galleries": [
                                    {
                                        "gallery_title": "New Gallery",
                                        "_id": "63682f5"
                                    }
                                ],
                                "columns": 2,
                                "gap": {
                                    "unit": "px",
                                    "size": 49,
                                    "sizes": []
                                },
                                "gap_tablet": {
                                    "unit": "px",
                                    "size": 30,
                                    "sizes": []
                                },
                                "gap_mobile": {
                                    "unit": "px",
                                    "size": 43,
                                    "sizes": []
                                },
                                "thumbnail_image_size": "medium_large",
                                "show_all_galleries_label": "All",
                                "image_animation_duration": {
                                    "unit": "px",
                                    "size": 600,
                                    "sizes": []
                                }
                            },
                            "elements": [],
                            "isInner": false,
                            "widgetType": "gallery",
                            "elType": "widget"
                        },
                        {
                            "id": "6948275f",
                            "settings": {
                                "space": {
                                    "unit": "px",
                                    "size": 75,
                                    "sizes": []
                                },
                                "space_mobile": {
                                    "unit": "px",
                                    "size": 122,
                                    "sizes": []
                                }
                            },
                            "elements": [],
                            "isInner": false,
                            "widgetType": "spacer",
                            "elType": "widget"
                        },
                        {
                            "id": "73ebe9b0",
                            "settings": {
                                "text": "View All",
                                "border_border": "solid",
                                "border_width": {
                                    "unit": "px",
                                    "top": "1",
                                    "right": "1",
                                    "bottom": "1",
                                    "left": "1",
                                    "isLinked": true
                                },
                                "text_padding": {
                                    "unit": "px",
                                    "top": "20",
                                    "right": "50",
                                    "bottom": "20",
                                    "left": "45",
                                    "isLinked": false
                                },
                                "_animation": "fadeInUp",
                                "align": "center",
                                "__globals__": {
                                    "typography_typography": "globals\/typography?id=primary",
                                    "button_text_color": "globals\/colors?id=2723215",
                                    "background_color": "globals\/colors?id=accent",
                                    "hover_color": "globals\/colors?id=937ce6e",
                                    "button_background_hover_color": "globals\/colors?id=primary",
                                    "border_color": "globals\/colors?id=accent"
                                }
                            },
                            "elements": [],
                            "isInner": false,
                            "widgetType": "button",
                            "elType": "widget"
                        },
                        {
                            "id": "5139593",
                            "settings": {
                                "space": {
                                    "unit": "px",
                                    "size": 125,
                                    "sizes": []
                                },
                                "space_mobile": {
                                    "unit": "px",
                                    "size": 149,
                                    "sizes": []
                                }
                            },
                            "elements": [],
                            "isInner": false,
                            "widgetType": "spacer",
                            "elType": "widget"
                        }
                    ],
                    "isInner": false,
                    "elType": "column"
                }
            ],
            "isInner": false,
            "elType": "section"
        }
    ]
}