{
    "version": "0.4",
    "title": "Portfolio Grid | Section- Nikicivi Kit",
    "type": "section",
    "metadata": {
        "template_type": "section-portfolio",
        "include_in_zip": "1",
        "elementor_pro_required": null,
        "wp_page_template": "default"
    },
    "content": [
        {
            "id": "35a3ac39",
            "settings": {
                "structure": "20",
                "padding": {
                    "unit": "px",
                    "top": "0",
                    "right": "15",
                    "bottom": "0",
                    "left": "15",
                    "isLinked": false
                },
                "_title": "Portfolio Grid - Nikicivi"
            },
            "elements": [
                {
                    "id": "4f789b39",
                    "settings": {
                        "_column_size": 50,
                        "_inline_size": null,
                        "padding": {
                            "unit": "px",
                            "top": "0",
                            "right": "15",
                            "bottom": "0",
                            "left": "15",
                            "isLinked": false
                        },
                        "_title": "My Recent Works"
                    },
                    "elements": [
                        {
                            "id": "7c812740",
                            "settings": {
                                "space": {
                                    "unit": "px",
                                    "size": 75,
                                    "sizes": []
                                }
                            },
                            "elements": [],
                            "isInner": false,
                            "widgetType": "spacer",
                            "elType": "widget"
                        },
                        {
                            "id": "3bb7a976",
                            "settings": {
                                "title": "My Recent Works",
                                "_margin": {
                                    "unit": "px",
                                    "top": "-14",
                                    "right": "0",
                                    "bottom": "0",
                                    "left": "0",
                                    "isLinked": false
                                },
                                "_padding": {
                                    "unit": "px",
                                    "top": "0",
                                    "right": "220",
                                    "bottom": "0",
                                    "left": "0",
                                    "isLinked": false
                                },
                                "_animation": "fadeInLeft",
                                "__globals__": {
                                    "typography_typography": "globals\/typography?id=a20c8f0",
                                    "title_color": "globals\/colors?id=primary"
                                }
                            },
                            "elements": [],
                            "isInner": false,
                            "widgetType": "heading",
                            "elType": "widget"
                        },
                        {
                            "id": "24c0a5dc",
                            "settings": {
                                "space": {
                                    "unit": "px",
                                    "size": 75,
                                    "sizes": []
                                },
                                "space_mobile": {
                                    "unit": "px",
                                    "size": 30,
                                    "sizes": []
                                }
                            },
                            "elements": [],
                            "isInner": false,
                            "widgetType": "spacer",
                            "elType": "widget"
                        }
                    ],
                    "isInner": false,
                    "elType": "column"
                },
                {
                    "id": "28899401",
                    "settings": {
                        "_column_size": 50,
                        "_inline_size": null,
                        "padding": {
                            "unit": "px",
                            "top": "0",
                            "right": "15",
                            "bottom": "0",
                            "left": "15",
                            "isLinked": false
                        },
                        "_title": "Description"
                    },
                    "elements": [
                        {
                            "id": "139e5f3e",
                            "settings": {
                                "space": {
                                    "unit": "px",
                                    "size": 75,
                                    "sizes": []
                                },
                                "space_mobile": {
                                    "unit": "px",
                                    "size": 10,
                                    "sizes": []
                                }
                            },
                            "elements": [],
                            "isInner": false,
                            "widgetType": "spacer",
                            "elType": "widget"
                        },
                        {
                            "id": "698b7f9",
                            "settings": {
                                "editor": "<p>Lorem ipsum dolor sit amet, consectetur adipiscing elit, sed do eiusmod tempor incididunt ut labore et dolore magnaali qua. Vitae aliquet nec ullamcorper sit amet risus nullam. Egetsed viverra tellus in hac habitasse platea dictumsta. Sitamet tellus cras adipiscing enim eu. Aliquam fau cibuspurus in massa tempor. Sitamet commodo nullafacilisinullam vehicula ipsum.<\/p>",
                                "_animation": "fadeInLeft",
                                "__globals__": {
                                    "text_color": "globals\/colors?id=text",
                                    "typography_typography": "globals\/typography?id=text"
                                }
                            },
                            "elements": [],
                            "isInner": false,
                            "widgetType": "text-editor",
                            "elType": "widget"
                        },
                        {
                            "id": "533c049d",
                            "settings": {
                                "space": {
                                    "unit": "px",
                                    "size": 37,
                                    "sizes": []
                                }
                            },
                            "elements": [],
                            "isInner": false,
                            "widgetType": "spacer",
                            "elType": "widget"
                        }
                    ],
                    "isInner": false,
                    "elType": "column"
                }
            ],
            "isInner": false,
            "elType": "section"
        },
        {
            "id": "2cc4d742",
            "settings": {
                "padding": {
                    "unit": "px",
                    "top": "0",
                    "right": "15",
                    "bottom": "0",
                    "left": "15",
                    "isLinked": false
                },
                "_title": "Gallery"
            },
            "elements": [
                {
                    "id": "4256d626",
                    "settings": {
                        "_column_size": 100,
                        "_inline_size": null
                    },
                    "elements": [
                        {
                            "id": "1c3fa19c",
                            "settings": {
                                "gallery": [
                                    {
                                        "id": 3130,
                                        "url": "https:\/\/templatekit.hellokuro.com\/nikicivi\/wp-content\/uploads\/2021\/03\/portfolio-blog-nikicivi-new-1.jpg"
                                    },
                                    {
                                        "id": 3131,
                                        "url": "https:\/\/templatekit.hellokuro.com\/nikicivi\/wp-content\/uploads\/2021\/03\/portfolio-blog-nikicivi-new-2.jpg"
                                    },
                                    {
                                        "id": 3132,
                                        "url": "https:\/\/templatekit.hellokuro.com\/nikicivi\/wp-content\/uploads\/2021\/03\/portfolio-blog-nikicivi-new-3.jpg"
                                    },
                                    {
                                        "id": 3127,
                                        "url": "https:\/\/templatekit.hellokuro.com\/nikicivi\/wp-content\/uploads\/2021\/03\/portfolio-blog-nikicivi-new-4.jpg"
                                    },
                                    {
                                        "id": 3128,
                                        "url": "https:\/\/templatekit.hellokuro.com\/nikicivi\/wp-content\/uploads\/2021\/03\/portfolio-blog-nikicivi-new-5.jpg"
                                    },
                                    {
                                        "id": 3129,
                                        "url": "https:\/\/templatekit.hellokuro.com\/nikicivi\/wp-content\/uploads\/2021\/03\/portfolio-blog-nikicivi-new-6.jpg"
                                    },
                                    {
                                        "id": 3176,
                                        "url": "https:\/\/templatekit.hellokuro.com\/nikicivi\/wp-content\/uploads\/2021\/04\/portfolio-blog-nikicivi-new-12.jpg"
                                    },
                                    {
                                        "id": 3177,
                                        "url": "https:\/\/templatekit.hellokuro.com\/nikicivi\/wp-content\/uploads\/2021\/04\/portfolio-blog-nikicivi-new-13.jpg"
                                    },
                                    {
                                        "id": 3165,
                                        "url": "https:\/\/templatekit.hellokuro.com\/nikicivi\/wp-content\/uploads\/2021\/04\/portfolio-blog-nikicivi-new-11.jpg"
                                    },
                                    {
                                        "id": 3178,
                                        "url": "https:\/\/templatekit.hellokuro.com\/nikicivi\/wp-content\/uploads\/2021\/04\/portfolio-blog-nikicivi-new-14.jpg"
                                    },
                                    {
                                        "id": 3179,
                                        "url": "https:\/\/templatekit.hellokuro.com\/nikicivi\/wp-content\/uploads\/2021\/04\/portfolio-blog-nikicivi-new-15.jpg"
                                    },
                                    {
                                        "id": 3180,
                                        "url": "https:\/\/templatekit.hellokuro.com\/nikicivi\/wp-content\/uploads\/2021\/04\/portfolio-blog-nikicivi-new-16.jpg"
                                    }
                                ],
                                "galleries": [
                                    {
                                        "gallery_title": "New Gallery",
                                        "_id": "63682f5"
                                    }
                                ],
                                "columns": 3,
                                "gap": {
                                    "unit": "px",
                                    "size": 49,
                                    "sizes": []
                                },
                                "gap_tablet": {
                                    "unit": "px",
                                    "size": 30,
                                    "sizes": []
                                },
                                "gap_mobile": {
                                    "unit": "px",
                                    "size": 43,
                                    "sizes": []
                                },
                                "thumbnail_image_size": "medium_large",
                                "show_all_galleries_label": "All",
                                "image_animation_duration": {
                                    "unit": "px",
                                    "size": 600,
                                    "sizes": []
                                }
                            },
                            "elements": [],
                            "isInner": false,
                            "widgetType": "gallery",
                            "elType": "widget"
                        },
                        {
                            "id": "2b10a44c",
                            "settings": {
                                "space": {
                                    "unit": "px",
                                    "size": 135,
                                    "sizes": []
                                }
                            },
                            "elements": [],
                            "isInner": false,
                            "widgetType": "spacer",
                            "elType": "widget"
                        }
                    ],
                    "isInner": false,
                    "elType": "column"
                }
            ],
            "isInner": false,
            "elType": "section"
        }
    ]
}