{
    "version": "0.4",
    "title": "Portfolio List &#8211; Nikicivi Kit",
    "type": "page",
    "metadata": {
        "template_type": "single-page",
        "include_in_zip": "1",
        "elementor_pro_required": null,
        "wp_page_template": "default"
    },
    "content": [
        {
            "id": "ad848f",
            "settings": {
                "background_background": "classic",
                "background_overlay_background": "classic",
                "background_overlay_image": {
                    "url": "https:\/\/templatekit.hellokuro.com\/nikicivi\/wp-content\/uploads\/2021\/03\/background-n.png",
                    "id": 162
                },
                "background_overlay_position": "initial",
                "background_overlay_size": "auto",
                "background_overlay_opacity": {
                    "unit": "px",
                    "size": 0.39,
                    "sizes": []
                },
                "background_overlay_position_tablet": "initial",
                "background_overlay_position_mobile": "initial",
                "background_overlay_xpos": {
                    "unit": "px",
                    "size": -193,
                    "sizes": []
                },
                "background_overlay_xpos_tablet": {
                    "unit": "px",
                    "size": -156,
                    "sizes": []
                },
                "background_overlay_xpos_mobile": {
                    "unit": "px",
                    "size": -184,
                    "sizes": []
                },
                "background_overlay_ypos_mobile": {
                    "unit": "px",
                    "size": 1,
                    "sizes": []
                },
                "background_overlay_repeat_mobile": "no-repeat",
                "padding_tablet": {
                    "unit": "px",
                    "top": "0",
                    "right": "15",
                    "bottom": "0",
                    "left": "15",
                    "isLinked": false
                },
                "padding_mobile": {
                    "unit": "px",
                    "top": "0",
                    "right": "15",
                    "bottom": "0",
                    "left": "15",
                    "isLinked": false
                },
                "background_overlay_ypos": {
                    "unit": "px",
                    "size": -147,
                    "sizes": []
                },
                "background_overlay_ypos_tablet": {
                    "unit": "px",
                    "size": -239,
                    "sizes": []
                },
                "text_align": "center",
                "_title": "Title | Black - Nikicivi",
                "__globals__": {
                    "background_color": "globals\/colors?id=primary"
                }
            },
            "elements": [
                {
                    "id": "1d4e39e",
                    "settings": {
                        "_column_size": 100,
                        "_inline_size": null
                    },
                    "elements": [
                        {
                            "id": "6d7a0e72",
                            "settings": {
                                "space": {
                                    "unit": "px",
                                    "size": 115,
                                    "sizes": []
                                },
                                "space_tablet": {
                                    "unit": "px",
                                    "size": 110,
                                    "sizes": []
                                },
                                "space_mobile": {
                                    "unit": "px",
                                    "size": 130,
                                    "sizes": []
                                },
                                "_title": "Spacer"
                            },
                            "elements": [],
                            "isInner": false,
                            "widgetType": "spacer",
                            "elType": "widget"
                        },
                        {
                            "id": "5dbae844",
                            "settings": {
                                "title": "Portfolio List",
                                "align": "center",
                                "__globals__": {
                                    "title_color": "globals\/colors?id=937ce6e",
                                    "typography_typography": "globals\/typography?id=a20c8f0"
                                },
                                "_animation": "fadeInDown"
                            },
                            "elements": [],
                            "isInner": false,
                            "widgetType": "heading",
                            "elType": "widget"
                        },
                        {
                            "id": "7228ba0c",
                            "settings": {
                                "editor": "<p>Lorem ipsum dolor sit amet, consectetur adipiscing elit,<br \/>sed doeiusmod tempor incididunt ut labore et dolore magna<\/p>",
                                "align_mobile": "center",
                                "_animation": "fadeInUp",
                                "align": "center",
                                "_margin": {
                                    "unit": "px",
                                    "top": "20",
                                    "right": "0",
                                    "bottom": "0",
                                    "left": "0",
                                    "isLinked": false
                                },
                                "__globals__": {
                                    "text_color": "globals\/colors?id=text",
                                    "typography_typography": "globals\/typography?id=text"
                                }
                            },
                            "elements": [],
                            "isInner": false,
                            "widgetType": "text-editor",
                            "elType": "widget"
                        },
                        {
                            "id": "14333a78",
                            "settings": {
                                "space": {
                                    "unit": "px",
                                    "size": 108,
                                    "sizes": []
                                },
                                "space_tablet": {
                                    "unit": "px",
                                    "size": 110,
                                    "sizes": []
                                },
                                "space_mobile": {
                                    "unit": "px",
                                    "size": 130,
                                    "sizes": []
                                }
                            },
                            "elements": [],
                            "isInner": false,
                            "widgetType": "spacer",
                            "elType": "widget"
                        }
                    ],
                    "isInner": false,
                    "elType": "column"
                }
            ],
            "isInner": false,
            "elType": "section"
        },
        {
            "id": "703ce784",
            "settings": {
                "z_index": 10,
                "z_index_tablet": 10,
                "_title": "Up Arrow"
            },
            "elements": [
                {
                    "id": "177cf97c",
                    "settings": {
                        "_column_size": 100,
                        "_inline_size": null
                    },
                    "elements": [
                        {
                            "id": "20970ab8",
                            "settings": {
                                "selected_icon": {
                                    "value": "fas fa-angle-up",
                                    "library": "fa-solid"
                                },
                                "view": "stacked",
                                "link": {
                                    "url": "#top",
                                    "is_external": "",
                                    "nofollow": "",
                                    "custom_attributes": ""
                                },
                                "primary_color": "#78777B87",
                                "size": {
                                    "unit": "px",
                                    "size": 20,
                                    "sizes": []
                                },
                                "size_tablet": {
                                    "unit": "px",
                                    "size": 16,
                                    "sizes": []
                                },
                                "size_mobile": {
                                    "unit": "px",
                                    "size": 15,
                                    "sizes": []
                                },
                                "motion_fx_motion_fx_scrolling": "yes",
                                "motion_fx_translateY_effect": "yes",
                                "motion_fx_translateY_speed": {
                                    "unit": "px",
                                    "size": 2,
                                    "sizes": []
                                },
                                "_element_width": "auto",
                                "_element_vertical_align": "flex-end",
                                "_position": "fixed",
                                "_offset_orientation_h": "end",
                                "_offset_x_end": {
                                    "unit": "px",
                                    "size": 11.4,
                                    "sizes": []
                                },
                                "_offset_orientation_v": "end",
                                "_offset_y_end": {
                                    "unit": "px",
                                    "size": 47,
                                    "sizes": []
                                },
                                "_offset_y_end_mobile": {
                                    "unit": "px",
                                    "size": -19,
                                    "sizes": []
                                },
                                "_offset_y_end_tablet": {
                                    "unit": "px",
                                    "size": -21,
                                    "sizes": []
                                }
                            },
                            "elements": [],
                            "isInner": false,
                            "widgetType": "icon",
                            "elType": "widget"
                        }
                    ],
                    "isInner": false,
                    "elType": "column"
                }
            ],
            "isInner": false,
            "elType": "section"
        },
        {
            "id": "6742d28",
            "settings": {
                "structure": "20",
                "padding": {
                    "unit": "px",
                    "top": "0",
                    "right": "15",
                    "bottom": "0",
                    "left": "15",
                    "isLinked": false
                },
                "_title": "My Recent Works"
            },
            "elements": [
                {
                    "id": "98bd4bf",
                    "settings": {
                        "_column_size": 50,
                        "_inline_size": null,
                        "padding": {
                            "unit": "px",
                            "top": "0",
                            "right": "15",
                            "bottom": "0",
                            "left": "15",
                            "isLinked": false
                        },
                        "_title": "My Recent Works"
                    },
                    "elements": [
                        {
                            "id": "361c9d3",
                            "settings": {
                                "space": {
                                    "unit": "px",
                                    "size": 80,
                                    "sizes": []
                                }
                            },
                            "elements": [],
                            "isInner": false,
                            "widgetType": "spacer",
                            "elType": "widget"
                        },
                        {
                            "id": "2b4b3965",
                            "settings": {
                                "title": "My Recent Works",
                                "_margin": {
                                    "unit": "px",
                                    "top": "-14",
                                    "right": "0",
                                    "bottom": "0",
                                    "left": "0",
                                    "isLinked": false
                                },
                                "_padding": {
                                    "unit": "px",
                                    "top": "0",
                                    "right": "220",
                                    "bottom": "0",
                                    "left": "0",
                                    "isLinked": false
                                },
                                "_animation": "fadeInLeft",
                                "__globals__": {
                                    "typography_typography": "globals\/typography?id=a20c8f0",
                                    "title_color": "globals\/colors?id=primary"
                                }
                            },
                            "elements": [],
                            "isInner": false,
                            "widgetType": "heading",
                            "elType": "widget"
                        },
                        {
                            "id": "6151174c",
                            "settings": {
                                "space": {
                                    "unit": "px",
                                    "size": 75,
                                    "sizes": []
                                },
                                "space_mobile": {
                                    "unit": "px",
                                    "size": 30,
                                    "sizes": []
                                }
                            },
                            "elements": [],
                            "isInner": false,
                            "widgetType": "spacer",
                            "elType": "widget"
                        }
                    ],
                    "isInner": false,
                    "elType": "column"
                },
                {
                    "id": "5796aa47",
                    "settings": {
                        "_column_size": 50,
                        "_inline_size": null,
                        "padding": {
                            "unit": "px",
                            "top": "0",
                            "right": "15",
                            "bottom": "0",
                            "left": "15",
                            "isLinked": false
                        },
                        "_title": "Description"
                    },
                    "elements": [
                        {
                            "id": "5e5c4f1d",
                            "settings": {
                                "space": {
                                    "unit": "px",
                                    "size": 80,
                                    "sizes": []
                                },
                                "space_mobile": {
                                    "unit": "px",
                                    "size": 10,
                                    "sizes": []
                                }
                            },
                            "elements": [],
                            "isInner": false,
                            "widgetType": "spacer",
                            "elType": "widget"
                        },
                        {
                            "id": "4f6a3fda",
                            "settings": {
                                "editor": "<p>Lorem ipsum dolor sit amet, consectetur adipiscing elit, sed do eiusmod tempor incididunt ut labore et dolore magnaali qua. Vitae aliquet nec ullamcorper sit amet risus nullam. Egetsed viverra tellus in hac habitasse platea dictumsta. Sitamet tellus cras adipiscing enim eu. Aliquam fau cibuspurus in massa tempor. Sitamet commodo nullafacilisinullam vehicula ipsum.<\/p>",
                                "_animation": "fadeInLeft",
                                "__globals__": {
                                    "text_color": "globals\/colors?id=text",
                                    "typography_typography": "globals\/typography?id=text"
                                }
                            },
                            "elements": [],
                            "isInner": false,
                            "widgetType": "text-editor",
                            "elType": "widget"
                        },
                        {
                            "id": "70e9e74a",
                            "settings": {
                                "space": {
                                    "unit": "px",
                                    "size": 37,
                                    "sizes": []
                                }
                            },
                            "elements": [],
                            "isInner": false,
                            "widgetType": "spacer",
                            "elType": "widget"
                        }
                    ],
                    "isInner": false,
                    "elType": "column"
                }
            ],
            "isInner": false,
            "elType": "section"
        },
        {
            "id": "3954ce8",
            "settings": {
                "_title": "Portfolio List - Nikicivi"
            },
            "elements": [
                {
                    "id": "5804491e",
                    "settings": {
                        "_column_size": 100,
                        "_inline_size": null
                    },
                    "elements": [
                        {
                            "id": "231f88b6",
                            "settings": {
                                "space": {
                                    "unit": "px",
                                    "size": 67,
                                    "sizes": []
                                }
                            },
                            "elements": [],
                            "isInner": false,
                            "widgetType": "spacer",
                            "elType": "widget"
                        }
                    ],
                    "isInner": false,
                    "elType": "column"
                }
            ],
            "isInner": false,
            "elType": "section"
        },
        {
            "id": "18c2c93b",
            "settings": {
                "z_index": 1,
                "_title": "Image 1"
            },
            "elements": [
                {
                    "id": "2cb5e889",
                    "settings": {
                        "_column_size": 100,
                        "_inline_size": null
                    },
                    "elements": [
                        {
                            "id": "e14391",
                            "settings": {
                                "image": {
                                    "url": "https:\/\/templatekit.hellokuro.com\/nikicivi\/wp-content\/uploads\/2021\/04\/portfolio-blog-nikicivi-1.jpg",
                                    "id": 560
                                },
                                "image_size": "full",
                                "align_mobile": "center",
                                "width": {
                                    "unit": "%",
                                    "size": 54,
                                    "sizes": []
                                },
                                "width_mobile": {
                                    "unit": "%",
                                    "size": 97,
                                    "sizes": []
                                },
                                "image_border_border": "solid",
                                "image_border_width": {
                                    "unit": "px",
                                    "top": "25",
                                    "right": "25",
                                    "bottom": "25",
                                    "left": "25",
                                    "isLinked": true
                                },
                                "image_border_width_mobile": {
                                    "unit": "px",
                                    "top": "14",
                                    "right": "14",
                                    "bottom": "14",
                                    "left": "14",
                                    "isLinked": true
                                },
                                "image_box_shadow_box_shadow_type": "yes",
                                "image_box_shadow_box_shadow": {
                                    "horizontal": 0,
                                    "vertical": 0,
                                    "blur": 28,
                                    "spread": -6,
                                    "color": "rgba(0,0,0,0.5)"
                                },
                                "_animation": "fadeIn",
                                "__globals__": {
                                    "image_border_color": "globals\/colors?id=937ce6e"
                                }
                            },
                            "elements": [],
                            "isInner": false,
                            "widgetType": "image",
                            "elType": "widget"
                        }
                    ],
                    "isInner": false,
                    "elType": "column"
                }
            ],
            "isInner": false,
            "elType": "section"
        },
        {
            "id": "7ad0de71",
            "settings": {
                "structure": "30",
                "background_background": "classic",
                "margin": {
                    "unit": "px",
                    "top": "-245",
                    "right": 0,
                    "bottom": "0",
                    "left": 0,
                    "isLinked": false
                },
                "margin_tablet": {
                    "unit": "px",
                    "top": "-157",
                    "right": 0,
                    "bottom": "0",
                    "left": 0,
                    "isLinked": false
                },
                "margin_mobile": {
                    "unit": "px",
                    "top": "-131",
                    "right": 0,
                    "bottom": "0",
                    "left": 0,
                    "isLinked": false
                },
                "_title": "Caption 1",
                "__globals__": {
                    "background_color": "globals\/colors?id=primary"
                }
            },
            "elements": [
                {
                    "id": "7596e490",
                    "settings": {
                        "_column_size": 33,
                        "_inline_size": 39,
                        "padding": {
                            "unit": "px",
                            "top": "0",
                            "right": "15",
                            "bottom": "0",
                            "left": "115",
                            "isLinked": false
                        },
                        "padding_mobile": {
                            "unit": "px",
                            "top": "0",
                            "right": "15",
                            "bottom": "0",
                            "left": "25",
                            "isLinked": false
                        },
                        "_title": "Title"
                    },
                    "elements": [
                        {
                            "id": "88bcc3f",
                            "settings": {
                                "space": {
                                    "unit": "px",
                                    "size": 300,
                                    "sizes": []
                                },
                                "space_tablet": {
                                    "unit": "px",
                                    "size": 224,
                                    "sizes": []
                                },
                                "space_mobile": {
                                    "unit": "px",
                                    "size": 173,
                                    "sizes": []
                                }
                            },
                            "elements": [],
                            "isInner": false,
                            "widgetType": "spacer",
                            "elType": "widget"
                        },
                        {
                            "id": "5498d785",
                            "settings": {
                                "title": "Fames\nAc Turpis",
                                "_animation": "fadeInLeft",
                                "__globals__": {
                                    "typography_typography": "globals\/typography?id=1a3aa0b",
                                    "title_color": "globals\/colors?id=accent"
                                }
                            },
                            "elements": [],
                            "isInner": false,
                            "widgetType": "heading",
                            "elType": "widget"
                        },
                        {
                            "id": "5955b2b8",
                            "settings": {
                                "title": "UI \/ Web Design",
                                "_animation": "fadeInDown",
                                "__globals__": {
                                    "typography_typography": "globals\/typography?id=primary",
                                    "title_color": "globals\/colors?id=68b3a46"
                                },
                                "header_size": "h5"
                            },
                            "elements": [],
                            "isInner": false,
                            "widgetType": "heading",
                            "elType": "widget"
                        },
                        {
                            "id": "73c3f0b5",
                            "settings": {
                                "space": {
                                    "unit": "px",
                                    "size": 65,
                                    "sizes": []
                                },
                                "space_mobile": {
                                    "unit": "px",
                                    "size": 10,
                                    "sizes": []
                                }
                            },
                            "elements": [],
                            "isInner": false,
                            "widgetType": "spacer",
                            "elType": "widget"
                        }
                    ],
                    "isInner": false,
                    "elType": "column"
                },
                {
                    "id": "72fb38ba",
                    "settings": {
                        "_column_size": 33,
                        "_inline_size": 11.333,
                        "background_background": "classic",
                        "margin": {
                            "unit": "px",
                            "top": "0",
                            "right": "0",
                            "bottom": "0",
                            "left": "27",
                            "isLinked": false
                        },
                        "hide_mobile": "hidden-phone",
                        "padding_mobile": {
                            "unit": "px",
                            "top": "0",
                            "right": "15",
                            "bottom": "0",
                            "left": "15",
                            "isLinked": false
                        },
                        "_title": "Line"
                    },
                    "elements": [
                        {
                            "id": "555c7fe5",
                            "settings": {
                                "space": {
                                    "unit": "px",
                                    "size": 296,
                                    "sizes": []
                                },
                                "space_tablet": {
                                    "unit": "px",
                                    "size": 209,
                                    "sizes": []
                                },
                                "space_mobile": {
                                    "unit": "px",
                                    "size": 10,
                                    "sizes": []
                                }
                            },
                            "elements": [],
                            "isInner": false,
                            "widgetType": "spacer",
                            "elType": "widget"
                        },
                        {
                            "id": "623cb966",
                            "settings": {
                                "space": {
                                    "unit": "px",
                                    "size": 174,
                                    "sizes": []
                                },
                                "space_mobile": {
                                    "unit": "px",
                                    "size": 10,
                                    "sizes": []
                                },
                                "_background_background": "classic",
                                "_element_width": "initial",
                                "_element_custom_width": {
                                    "unit": "px",
                                    "size": 2,
                                    "sizes": []
                                },
                                "_animation": "fadeInUp",
                                "space_tablet": {
                                    "unit": "px",
                                    "size": 146,
                                    "sizes": []
                                },
                                "__globals__": {
                                    "_background_color": "globals\/colors?id=accent"
                                }
                            },
                            "elements": [],
                            "isInner": false,
                            "widgetType": "spacer",
                            "elType": "widget"
                        },
                        {
                            "id": "4aeb7311",
                            "settings": {
                                "space": {
                                    "unit": "px",
                                    "size": 22,
                                    "sizes": []
                                },
                                "space_mobile": {
                                    "unit": "px",
                                    "size": 10,
                                    "sizes": []
                                }
                            },
                            "elements": [],
                            "isInner": false,
                            "widgetType": "spacer",
                            "elType": "widget"
                        }
                    ],
                    "isInner": false,
                    "elType": "column"
                },
                {
                    "id": "599889c0",
                    "settings": {
                        "_column_size": 33,
                        "_inline_size": 49,
                        "padding": {
                            "unit": "px",
                            "top": "0",
                            "right": "15",
                            "bottom": "0",
                            "left": "15",
                            "isLinked": false
                        },
                        "padding_mobile": {
                            "unit": "px",
                            "top": "0",
                            "right": "15",
                            "bottom": "0",
                            "left": "25",
                            "isLinked": false
                        },
                        "_title": "Caption",
                        "padding_tablet": {
                            "unit": "px",
                            "top": "0",
                            "right": "55",
                            "bottom": "0",
                            "left": "0",
                            "isLinked": false
                        }
                    },
                    "elements": [
                        {
                            "id": "3b6d857f",
                            "settings": {
                                "space": {
                                    "unit": "px",
                                    "size": 314,
                                    "sizes": []
                                },
                                "space_tablet": {
                                    "unit": "px",
                                    "size": 220,
                                    "sizes": []
                                },
                                "space_mobile": {
                                    "unit": "px",
                                    "size": 10,
                                    "sizes": []
                                }
                            },
                            "elements": [],
                            "isInner": false,
                            "widgetType": "spacer",
                            "elType": "widget"
                        },
                        {
                            "id": "5abd0cd8",
                            "settings": {
                                "editor": "<p>Lorem ipsum dolor sit amet, consectetur adipiscing elit, sed do eiusmod tempor incididunt ut labore et dolore magna aliqua.<\/p><p>Vitae aliquet nec ullamcorper sit amet risus nullam eget. Sed viverra tellus in hac habitasse platea dictumst.<\/p>",
                                "align_mobile": "left",
                                "_animation": "fadeInUp",
                                "__globals__": {
                                    "text_color": "globals\/colors?id=text",
                                    "typography_typography": "globals\/typography?id=text"
                                }
                            },
                            "elements": [],
                            "isInner": false,
                            "widgetType": "text-editor",
                            "elType": "widget"
                        },
                        {
                            "id": "280429d8",
                            "settings": {
                                "space": {
                                    "unit": "px",
                                    "size": 134,
                                    "sizes": []
                                },
                                "space_tablet": {
                                    "unit": "px",
                                    "size": 95,
                                    "sizes": []
                                },
                                "space_mobile": {
                                    "unit": "px",
                                    "size": 77,
                                    "sizes": []
                                }
                            },
                            "elements": [],
                            "isInner": false,
                            "widgetType": "spacer",
                            "elType": "widget"
                        }
                    ],
                    "isInner": false,
                    "elType": "column"
                }
            ],
            "isInner": false,
            "elType": "section"
        },
        {
            "id": "22142e12",
            "settings": {
                "_title": "Section"
            },
            "elements": [
                {
                    "id": "2e1c4ab0",
                    "settings": {
                        "_column_size": 100,
                        "_inline_size": null
                    },
                    "elements": [
                        {
                            "id": "7116e8fb",
                            "settings": {
                                "space": {
                                    "unit": "px",
                                    "size": 67,
                                    "sizes": []
                                }
                            },
                            "elements": [],
                            "isInner": false,
                            "widgetType": "spacer",
                            "elType": "widget"
                        }
                    ],
                    "isInner": false,
                    "elType": "column"
                }
            ],
            "isInner": false,
            "elType": "section"
        },
        {
            "id": "5d3197ef",
            "settings": {
                "_title": "Section"
            },
            "elements": [
                {
                    "id": "15f61bf1",
                    "settings": {
                        "_column_size": 100,
                        "_inline_size": null
                    },
                    "elements": [
                        {
                            "id": "18c9f0a7",
                            "settings": {
                                "space": {
                                    "unit": "px",
                                    "size": 67,
                                    "sizes": []
                                }
                            },
                            "elements": [],
                            "isInner": false,
                            "widgetType": "spacer",
                            "elType": "widget"
                        }
                    ],
                    "isInner": false,
                    "elType": "column"
                }
            ],
            "isInner": false,
            "elType": "section"
        },
        {
            "id": "3bff1d91",
            "settings": {
                "z_index": 1,
                "_title": "Image 2"
            },
            "elements": [
                {
                    "id": "4232e6e9",
                    "settings": {
                        "_column_size": 100,
                        "_inline_size": null
                    },
                    "elements": [
                        {
                            "id": "243b19ba",
                            "settings": {
                                "image": {
                                    "url": "https:\/\/templatekit.hellokuro.com\/nikicivi\/wp-content\/uploads\/2021\/04\/portfolio-blog-nikicivi-2.jpg",
                                    "id": 562
                                },
                                "image_size": "full",
                                "align_mobile": "center",
                                "width": {
                                    "unit": "%",
                                    "size": 54,
                                    "sizes": []
                                },
                                "width_mobile": {
                                    "unit": "%",
                                    "size": 97,
                                    "sizes": []
                                },
                                "image_border_border": "solid",
                                "image_border_width": {
                                    "unit": "px",
                                    "top": "25",
                                    "right": "25",
                                    "bottom": "25",
                                    "left": "25",
                                    "isLinked": true
                                },
                                "image_border_width_mobile": {
                                    "unit": "px",
                                    "top": "14",
                                    "right": "14",
                                    "bottom": "14",
                                    "left": "14",
                                    "isLinked": true
                                },
                                "image_box_shadow_box_shadow_type": "yes",
                                "image_box_shadow_box_shadow": {
                                    "horizontal": 0,
                                    "vertical": 0,
                                    "blur": 28,
                                    "spread": -6,
                                    "color": "rgba(0,0,0,0.5)"
                                },
                                "_animation": "fadeIn",
                                "__globals__": {
                                    "image_border_color": "globals\/colors?id=937ce6e"
                                }
                            },
                            "elements": [],
                            "isInner": false,
                            "widgetType": "image",
                            "elType": "widget"
                        }
                    ],
                    "isInner": false,
                    "elType": "column"
                }
            ],
            "isInner": false,
            "elType": "section"
        },
        {
            "id": "6d285d48",
            "settings": {
                "structure": "30",
                "background_background": "classic",
                "margin": {
                    "unit": "px",
                    "top": "-245",
                    "right": 0,
                    "bottom": "0",
                    "left": 0,
                    "isLinked": false
                },
                "margin_tablet": {
                    "unit": "px",
                    "top": "-157",
                    "right": 0,
                    "bottom": "0",
                    "left": 0,
                    "isLinked": false
                },
                "margin_mobile": {
                    "unit": "px",
                    "top": "-131",
                    "right": 0,
                    "bottom": "0",
                    "left": 0,
                    "isLinked": false
                },
                "_title": "Caption 2",
                "__globals__": {
                    "background_color": "globals\/colors?id=primary"
                }
            },
            "elements": [
                {
                    "id": "7308c7ab",
                    "settings": {
                        "_column_size": 33,
                        "_inline_size": 39,
                        "padding": {
                            "unit": "px",
                            "top": "0",
                            "right": "15",
                            "bottom": "0",
                            "left": "115",
                            "isLinked": false
                        },
                        "padding_mobile": {
                            "unit": "px",
                            "top": "0",
                            "right": "15",
                            "bottom": "0",
                            "left": "25",
                            "isLinked": false
                        },
                        "_title": "Title"
                    },
                    "elements": [
                        {
                            "id": "3a4314e4",
                            "settings": {
                                "space": {
                                    "unit": "px",
                                    "size": 300,
                                    "sizes": []
                                },
                                "space_tablet": {
                                    "unit": "px",
                                    "size": 224,
                                    "sizes": []
                                },
                                "space_mobile": {
                                    "unit": "px",
                                    "size": 173,
                                    "sizes": []
                                }
                            },
                            "elements": [],
                            "isInner": false,
                            "widgetType": "spacer",
                            "elType": "widget"
                        },
                        {
                            "id": "13331986",
                            "settings": {
                                "title": "Ullam Cor Pereget",
                                "_animation": "fadeInLeft",
                                "__globals__": {
                                    "typography_typography": "globals\/typography?id=1a3aa0b",
                                    "title_color": "globals\/colors?id=accent"
                                }
                            },
                            "elements": [],
                            "isInner": false,
                            "widgetType": "heading",
                            "elType": "widget"
                        },
                        {
                            "id": "13f7bf7d",
                            "settings": {
                                "title": "Illustration \/ Web Design",
                                "_animation": "fadeInDown",
                                "__globals__": {
                                    "typography_typography": "globals\/typography?id=primary",
                                    "title_color": "globals\/colors?id=68b3a46"
                                },
                                "header_size": "h5"
                            },
                            "elements": [],
                            "isInner": false,
                            "widgetType": "heading",
                            "elType": "widget"
                        },
                        {
                            "id": "5ae8904b",
                            "settings": {
                                "space": {
                                    "unit": "px",
                                    "size": 65,
                                    "sizes": []
                                },
                                "space_mobile": {
                                    "unit": "px",
                                    "size": 10,
                                    "sizes": []
                                }
                            },
                            "elements": [],
                            "isInner": false,
                            "widgetType": "spacer",
                            "elType": "widget"
                        }
                    ],
                    "isInner": false,
                    "elType": "column"
                },
                {
                    "id": "37fc1a93",
                    "settings": {
                        "_column_size": 33,
                        "_inline_size": 11.333,
                        "background_background": "classic",
                        "margin": {
                            "unit": "px",
                            "top": "0",
                            "right": "0",
                            "bottom": "0",
                            "left": "27",
                            "isLinked": false
                        },
                        "hide_mobile": "hidden-phone",
                        "padding_mobile": {
                            "unit": "px",
                            "top": "0",
                            "right": "15",
                            "bottom": "0",
                            "left": "15",
                            "isLinked": false
                        },
                        "_title": "Line"
                    },
                    "elements": [
                        {
                            "id": "1049e25d",
                            "settings": {
                                "space": {
                                    "unit": "px",
                                    "size": 296,
                                    "sizes": []
                                },
                                "space_tablet": {
                                    "unit": "px",
                                    "size": 209,
                                    "sizes": []
                                },
                                "space_mobile": {
                                    "unit": "px",
                                    "size": 10,
                                    "sizes": []
                                }
                            },
                            "elements": [],
                            "isInner": false,
                            "widgetType": "spacer",
                            "elType": "widget"
                        },
                        {
                            "id": "57fddb02",
                            "settings": {
                                "space": {
                                    "unit": "px",
                                    "size": 174,
                                    "sizes": []
                                },
                                "space_mobile": {
                                    "unit": "px",
                                    "size": 10,
                                    "sizes": []
                                },
                                "_background_background": "classic",
                                "_element_width": "initial",
                                "_element_custom_width": {
                                    "unit": "px",
                                    "size": 2,
                                    "sizes": []
                                },
                                "_animation": "fadeInUp",
                                "space_tablet": {
                                    "unit": "px",
                                    "size": 146,
                                    "sizes": []
                                },
                                "__globals__": {
                                    "_background_color": "globals\/colors?id=accent"
                                }
                            },
                            "elements": [],
                            "isInner": false,
                            "widgetType": "spacer",
                            "elType": "widget"
                        },
                        {
                            "id": "5c6b458d",
                            "settings": {
                                "space": {
                                    "unit": "px",
                                    "size": 22,
                                    "sizes": []
                                },
                                "space_mobile": {
                                    "unit": "px",
                                    "size": 10,
                                    "sizes": []
                                }
                            },
                            "elements": [],
                            "isInner": false,
                            "widgetType": "spacer",
                            "elType": "widget"
                        }
                    ],
                    "isInner": false,
                    "elType": "column"
                },
                {
                    "id": "1d0f229f",
                    "settings": {
                        "_column_size": 33,
                        "_inline_size": 49,
                        "padding": {
                            "unit": "px",
                            "top": "0",
                            "right": "15",
                            "bottom": "0",
                            "left": "15",
                            "isLinked": false
                        },
                        "padding_mobile": {
                            "unit": "px",
                            "top": "0",
                            "right": "15",
                            "bottom": "0",
                            "left": "25",
                            "isLinked": false
                        },
                        "_title": "Caption",
                        "padding_tablet": {
                            "unit": "px",
                            "top": "0",
                            "right": "55",
                            "bottom": "0",
                            "left": "0",
                            "isLinked": false
                        }
                    },
                    "elements": [
                        {
                            "id": "5216ecea",
                            "settings": {
                                "space": {
                                    "unit": "px",
                                    "size": 324,
                                    "sizes": []
                                },
                                "space_tablet": {
                                    "unit": "px",
                                    "size": 220,
                                    "sizes": []
                                },
                                "space_mobile": {
                                    "unit": "px",
                                    "size": 10,
                                    "sizes": []
                                }
                            },
                            "elements": [],
                            "isInner": false,
                            "widgetType": "spacer",
                            "elType": "widget"
                        },
                        {
                            "id": "70d5462b",
                            "settings": {
                                "editor": "<p>Lorem ipsum dolor sit amet, consectetur adipiscing elit, sed do eiusmod tempor incididunt ut labore et dolore magna aliqua.<\/p><p>Vitae aliquet nec ullamcorper sit amet risus nullam eget. Sed viverra tellus in hac habitasse platea dictumst.<\/p>",
                                "align_mobile": "left",
                                "_animation": "fadeInUp",
                                "__globals__": {
                                    "text_color": "globals\/colors?id=text",
                                    "typography_typography": "globals\/typography?id=text"
                                }
                            },
                            "elements": [],
                            "isInner": false,
                            "widgetType": "text-editor",
                            "elType": "widget"
                        },
                        {
                            "id": "4f73794b",
                            "settings": {
                                "space": {
                                    "unit": "px",
                                    "size": 134,
                                    "sizes": []
                                },
                                "space_tablet": {
                                    "unit": "px",
                                    "size": 95,
                                    "sizes": []
                                },
                                "space_mobile": {
                                    "unit": "px",
                                    "size": 77,
                                    "sizes": []
                                }
                            },
                            "elements": [],
                            "isInner": false,
                            "widgetType": "spacer",
                            "elType": "widget"
                        }
                    ],
                    "isInner": false,
                    "elType": "column"
                }
            ],
            "isInner": false,
            "elType": "section"
        },
        {
            "id": "4314ad03",
            "settings": [],
            "elements": [
                {
                    "id": "42a53220",
                    "settings": {
                        "_column_size": 100,
                        "_inline_size": null
                    },
                    "elements": [
                        {
                            "id": "6562bcd4",
                            "settings": {
                                "space": {
                                    "unit": "px",
                                    "size": 67,
                                    "sizes": []
                                }
                            },
                            "elements": [],
                            "isInner": false,
                            "widgetType": "spacer",
                            "elType": "widget"
                        }
                    ],
                    "isInner": false,
                    "elType": "column"
                }
            ],
            "isInner": false,
            "elType": "section"
        },
        {
            "id": "34afe1a5",
            "settings": [],
            "elements": [
                {
                    "id": "7cf742a",
                    "settings": {
                        "_column_size": 100,
                        "_inline_size": null
                    },
                    "elements": [
                        {
                            "id": "6b31c9f0",
                            "settings": {
                                "space": {
                                    "unit": "px",
                                    "size": 67,
                                    "sizes": []
                                }
                            },
                            "elements": [],
                            "isInner": false,
                            "widgetType": "spacer",
                            "elType": "widget"
                        }
                    ],
                    "isInner": false,
                    "elType": "column"
                }
            ],
            "isInner": false,
            "elType": "section"
        },
        {
            "id": "4a85ecc7",
            "settings": {
                "z_index": 1,
                "_title": "Image 3"
            },
            "elements": [
                {
                    "id": "2faaa803",
                    "settings": {
                        "_column_size": 100,
                        "_inline_size": null
                    },
                    "elements": [
                        {
                            "id": "654373fd",
                            "settings": {
                                "image": {
                                    "url": "https:\/\/templatekit.hellokuro.com\/nikicivi\/wp-content\/uploads\/2021\/04\/portfolio-blog-nikicivi-6.jpg",
                                    "id": 566
                                },
                                "image_size": "full",
                                "align_mobile": "center",
                                "width": {
                                    "unit": "%",
                                    "size": 54,
                                    "sizes": []
                                },
                                "width_mobile": {
                                    "unit": "%",
                                    "size": 97,
                                    "sizes": []
                                },
                                "image_border_border": "solid",
                                "image_border_width": {
                                    "unit": "px",
                                    "top": "25",
                                    "right": "25",
                                    "bottom": "25",
                                    "left": "25",
                                    "isLinked": true
                                },
                                "image_border_width_mobile": {
                                    "unit": "px",
                                    "top": "14",
                                    "right": "14",
                                    "bottom": "14",
                                    "left": "14",
                                    "isLinked": true
                                },
                                "image_box_shadow_box_shadow_type": "yes",
                                "image_box_shadow_box_shadow": {
                                    "horizontal": 0,
                                    "vertical": 0,
                                    "blur": 28,
                                    "spread": -6,
                                    "color": "rgba(0,0,0,0.5)"
                                },
                                "_animation": "fadeIn",
                                "__globals__": {
                                    "image_border_color": "globals\/colors?id=937ce6e"
                                }
                            },
                            "elements": [],
                            "isInner": false,
                            "widgetType": "image",
                            "elType": "widget"
                        }
                    ],
                    "isInner": false,
                    "elType": "column"
                }
            ],
            "isInner": false,
            "elType": "section"
        },
        {
            "id": "40134133",
            "settings": {
                "structure": "30",
                "background_background": "classic",
                "margin": {
                    "unit": "px",
                    "top": "-245",
                    "right": 0,
                    "bottom": "0",
                    "left": 0,
                    "isLinked": false
                },
                "margin_tablet": {
                    "unit": "px",
                    "top": "-157",
                    "right": 0,
                    "bottom": "0",
                    "left": 0,
                    "isLinked": false
                },
                "margin_mobile": {
                    "unit": "px",
                    "top": "-131",
                    "right": 0,
                    "bottom": "0",
                    "left": 0,
                    "isLinked": false
                },
                "_title": "Caption 3",
                "__globals__": {
                    "background_color": "globals\/colors?id=primary"
                }
            },
            "elements": [
                {
                    "id": "68347cc",
                    "settings": {
                        "_column_size": 33,
                        "_inline_size": 39,
                        "padding": {
                            "unit": "px",
                            "top": "0",
                            "right": "15",
                            "bottom": "0",
                            "left": "115",
                            "isLinked": false
                        },
                        "padding_mobile": {
                            "unit": "px",
                            "top": "0",
                            "right": "15",
                            "bottom": "0",
                            "left": "25",
                            "isLinked": false
                        },
                        "_title": "Title"
                    },
                    "elements": [
                        {
                            "id": "269728ff",
                            "settings": {
                                "space": {
                                    "unit": "px",
                                    "size": 300,
                                    "sizes": []
                                },
                                "space_tablet": {
                                    "unit": "px",
                                    "size": 224,
                                    "sizes": []
                                },
                                "space_mobile": {
                                    "unit": "px",
                                    "size": 173,
                                    "sizes": []
                                }
                            },
                            "elements": [],
                            "isInner": false,
                            "widgetType": "spacer",
                            "elType": "widget"
                        },
                        {
                            "id": "28e9a47f",
                            "settings": {
                                "title": "Nulla El Faci Lianomali",
                                "_animation": "fadeInLeft",
                                "__globals__": {
                                    "typography_typography": "globals\/typography?id=1a3aa0b",
                                    "title_color": "globals\/colors?id=accent"
                                }
                            },
                            "elements": [],
                            "isInner": false,
                            "widgetType": "heading",
                            "elType": "widget"
                        },
                        {
                            "id": "19f3d9a5",
                            "settings": {
                                "title": "UI \/ Web Design",
                                "_animation": "fadeInDown",
                                "__globals__": {
                                    "typography_typography": "globals\/typography?id=primary",
                                    "title_color": "globals\/colors?id=68b3a46"
                                },
                                "header_size": "h5"
                            },
                            "elements": [],
                            "isInner": false,
                            "widgetType": "heading",
                            "elType": "widget"
                        },
                        {
                            "id": "1278acf1",
                            "settings": {
                                "space": {
                                    "unit": "px",
                                    "size": 65,
                                    "sizes": []
                                },
                                "space_mobile": {
                                    "unit": "px",
                                    "size": 10,
                                    "sizes": []
                                }
                            },
                            "elements": [],
                            "isInner": false,
                            "widgetType": "spacer",
                            "elType": "widget"
                        }
                    ],
                    "isInner": false,
                    "elType": "column"
                },
                {
                    "id": "75b4cd89",
                    "settings": {
                        "_column_size": 33,
                        "_inline_size": 11.333,
                        "background_background": "classic",
                        "margin": {
                            "unit": "px",
                            "top": "0",
                            "right": "0",
                            "bottom": "0",
                            "left": "27",
                            "isLinked": false
                        },
                        "hide_mobile": "hidden-phone",
                        "padding_mobile": {
                            "unit": "px",
                            "top": "0",
                            "right": "15",
                            "bottom": "0",
                            "left": "15",
                            "isLinked": false
                        },
                        "_title": "Line"
                    },
                    "elements": [
                        {
                            "id": "185c2eb3",
                            "settings": {
                                "space": {
                                    "unit": "px",
                                    "size": 296,
                                    "sizes": []
                                },
                                "space_tablet": {
                                    "unit": "px",
                                    "size": 209,
                                    "sizes": []
                                },
                                "space_mobile": {
                                    "unit": "px",
                                    "size": 10,
                                    "sizes": []
                                }
                            },
                            "elements": [],
                            "isInner": false,
                            "widgetType": "spacer",
                            "elType": "widget"
                        },
                        {
                            "id": "39a57fd7",
                            "settings": {
                                "space": {
                                    "unit": "px",
                                    "size": 174,
                                    "sizes": []
                                },
                                "space_mobile": {
                                    "unit": "px",
                                    "size": 10,
                                    "sizes": []
                                },
                                "_background_background": "classic",
                                "_element_width": "initial",
                                "_element_custom_width": {
                                    "unit": "px",
                                    "size": 2,
                                    "sizes": []
                                },
                                "_animation": "fadeInUp",
                                "space_tablet": {
                                    "unit": "px",
                                    "size": 146,
                                    "sizes": []
                                },
                                "__globals__": {
                                    "_background_color": "globals\/colors?id=accent"
                                }
                            },
                            "elements": [],
                            "isInner": false,
                            "widgetType": "spacer",
                            "elType": "widget"
                        },
                        {
                            "id": "da61dd2",
                            "settings": {
                                "space": {
                                    "unit": "px",
                                    "size": 22,
                                    "sizes": []
                                },
                                "space_mobile": {
                                    "unit": "px",
                                    "size": 10,
                                    "sizes": []
                                }
                            },
                            "elements": [],
                            "isInner": false,
                            "widgetType": "spacer",
                            "elType": "widget"
                        }
                    ],
                    "isInner": false,
                    "elType": "column"
                },
                {
                    "id": "7b800a0e",
                    "settings": {
                        "_column_size": 33,
                        "_inline_size": 49,
                        "padding": {
                            "unit": "px",
                            "top": "0",
                            "right": "15",
                            "bottom": "0",
                            "left": "15",
                            "isLinked": false
                        },
                        "padding_mobile": {
                            "unit": "px",
                            "top": "0",
                            "right": "15",
                            "bottom": "0",
                            "left": "25",
                            "isLinked": false
                        },
                        "_title": "Caption",
                        "padding_tablet": {
                            "unit": "px",
                            "top": "0",
                            "right": "55",
                            "bottom": "0",
                            "left": "0",
                            "isLinked": false
                        }
                    },
                    "elements": [
                        {
                            "id": "672e6bd5",
                            "settings": {
                                "space": {
                                    "unit": "px",
                                    "size": 324,
                                    "sizes": []
                                },
                                "space_tablet": {
                                    "unit": "px",
                                    "size": 220,
                                    "sizes": []
                                },
                                "space_mobile": {
                                    "unit": "px",
                                    "size": 10,
                                    "sizes": []
                                }
                            },
                            "elements": [],
                            "isInner": false,
                            "widgetType": "spacer",
                            "elType": "widget"
                        },
                        {
                            "id": "35f6821b",
                            "settings": {
                                "editor": "<p>Lorem ipsum dolor sit amet, consectetur adipiscing elit, sed do eiusmod tempor incididunt ut labore et dolore magna aliqua.<\/p><p>Vitae aliquet nec ullamcorper sit amet risus nullam eget. Sed viverra tellus in hac habitasse platea dictumst.<\/p>",
                                "align_mobile": "left",
                                "_animation": "fadeInUp",
                                "__globals__": {
                                    "text_color": "globals\/colors?id=text",
                                    "typography_typography": "globals\/typography?id=text"
                                }
                            },
                            "elements": [],
                            "isInner": false,
                            "widgetType": "text-editor",
                            "elType": "widget"
                        },
                        {
                            "id": "1795048f",
                            "settings": {
                                "space": {
                                    "unit": "px",
                                    "size": 134,
                                    "sizes": []
                                },
                                "space_tablet": {
                                    "unit": "px",
                                    "size": 95,
                                    "sizes": []
                                },
                                "space_mobile": {
                                    "unit": "px",
                                    "size": 77,
                                    "sizes": []
                                }
                            },
                            "elements": [],
                            "isInner": false,
                            "widgetType": "spacer",
                            "elType": "widget"
                        }
                    ],
                    "isInner": false,
                    "elType": "column"
                }
            ],
            "isInner": false,
            "elType": "section"
        },
        {
            "id": "3fd81648",
            "settings": {
                "padding": {
                    "unit": "px",
                    "top": "0",
                    "right": "25",
                    "bottom": "0",
                    "left": "25",
                    "isLinked": false
                },
                "padding_mobile": {
                    "unit": "px",
                    "top": "0",
                    "right": "0",
                    "bottom": "0",
                    "left": "0",
                    "isLinked": false
                },
                "_title": "Quotes - Nikicivi"
            },
            "elements": [
                {
                    "id": "7ccb0f66",
                    "settings": {
                        "_column_size": 100,
                        "_inline_size": null,
                        "padding": {
                            "unit": "px",
                            "top": "0",
                            "right": "260",
                            "bottom": "0",
                            "left": "260",
                            "isLinked": false
                        },
                        "padding_mobile": {
                            "unit": "px",
                            "top": "0",
                            "right": "25",
                            "bottom": "0",
                            "left": "25",
                            "isLinked": false
                        },
                        "padding_tablet": {
                            "unit": "px",
                            "top": "0",
                            "right": "0",
                            "bottom": "0",
                            "left": "0",
                            "isLinked": false
                        }
                    },
                    "elements": [
                        {
                            "id": "16246598",
                            "settings": {
                                "space": {
                                    "unit": "px",
                                    "size": 128,
                                    "sizes": []
                                },
                                "_title": "Spacer"
                            },
                            "elements": [],
                            "isInner": false,
                            "widgetType": "spacer",
                            "elType": "widget"
                        },
                        {
                            "id": "40977493",
                            "settings": {
                                "blockquote_skin": "quotation",
                                "blockquote_content": "Lorem ipsum dolor sit amet, consectetur adipiscing elit. Ut elit tellus, luctus nec ullamcorper mattis, pulvinar dapibus leo.Lorem ipsum ",
                                "author_name": "Niki Civinemz",
                                "tweet_button_label": "Tweet",
                                "content_gap": {
                                    "unit": "px",
                                    "size": 32,
                                    "sizes": []
                                },
                                "alignment": "center",
                                "_animation": "fadeInUp",
                                "tweet_button_view": "icon",
                                "__globals__": {
                                    "content_typography_typography": "globals\/typography?id=text",
                                    "author_typography_typography": "globals\/typography?id=469a0e8",
                                    "quote_text_color": "globals\/colors?id=accent",
                                    "author_text_color": "globals\/colors?id=secondary",
                                    "content_text_color": "globals\/colors?id=text"
                                }
                            },
                            "elements": [],
                            "isInner": false,
                            "widgetType": "blockquote",
                            "elType": "widget"
                        },
                        {
                            "id": "6a40af86",
                            "settings": {
                                "space": {
                                    "unit": "px",
                                    "size": 128,
                                    "sizes": []
                                },
                                "_title": "Spacer"
                            },
                            "elements": [],
                            "isInner": false,
                            "widgetType": "spacer",
                            "elType": "widget"
                        }
                    ],
                    "isInner": false,
                    "elType": "column"
                }
            ],
            "isInner": false,
            "elType": "section"
        }
    ]
}