{
    "version": "0.4",
    "title": "Pricing | Section &#8211; Nikicivi Kit",
    "type": "section",
    "metadata": {
        "template_type": "section-pricing",
        "include_in_zip": "1",
        "elementor_pro_required": null,
        "wp_page_template": "default"
    },
    "content": [
        {
            "id": "3b77ce7a",
            "settings": {
                "background_background": "classic",
                "__globals__": {
                    "background_color": "globals\/colors?id=a315964"
                }
            },
            "elements": [
                {
                    "id": "5c30decb",
                    "settings": {
                        "_column_size": 100,
                        "_inline_size": null
                    },
                    "elements": [
                        {
                            "id": "b254f90",
                            "settings": {
                                "space": {
                                    "unit": "px",
                                    "size": 69,
                                    "sizes": []
                                }
                            },
                            "elements": [],
                            "isInner": false,
                            "widgetType": "spacer",
                            "elType": "widget"
                        }
                    ],
                    "isInner": false,
                    "elType": "column"
                }
            ],
            "isInner": false,
            "elType": "section"
        },
        {
            "id": "75d51392",
            "settings": {
                "structure": "30",
                "background_background": "classic",
                "padding": {
                    "unit": "px",
                    "top": "0",
                    "right": "0",
                    "bottom": "40",
                    "left": "0",
                    "isLinked": false
                },
                "padding_tablet": {
                    "unit": "px",
                    "top": "0",
                    "right": "10",
                    "bottom": "38",
                    "left": "10",
                    "isLinked": false
                },
                "_title": "Pricing - Nikicivi",
                "__globals__": {
                    "background_color": "globals\/colors?id=a315964"
                }
            },
            "elements": [
                {
                    "id": "45ea6823",
                    "settings": {
                        "_column_size": 33,
                        "_inline_size": 32,
                        "padding": {
                            "unit": "px",
                            "top": "63",
                            "right": "0",
                            "bottom": "0",
                            "left": "0",
                            "isLinked": false
                        },
                        "padding_mobile": {
                            "unit": "px",
                            "top": "0",
                            "right": "0",
                            "bottom": "60",
                            "left": "0",
                            "isLinked": false
                        },
                        "_title": "Basic"
                    },
                    "elements": [
                        {
                            "id": "65c76368",
                            "settings": {
                                "heading": "Basic",
                                "sub_heading": "",
                                "price": "150",
                                "period": "",
                                "features_list": [
                                    {
                                        "item_text": "Consectetur Adipis Cingelit",
                                        "selected_item_icon": {
                                            "value": "",
                                            "library": ""
                                        },
                                        "_id": "6700a3b"
                                    },
                                    {
                                        "item_text": "Sed Do Eiusmod Tempor Incidi",
                                        "selected_item_icon": {
                                            "value": "",
                                            "library": ""
                                        },
                                        "_id": "b040572"
                                    },
                                    {
                                        "item_text": "Didunt Ut Labore et Dolore",
                                        "selected_item_icon": {
                                            "value": "",
                                            "library": ""
                                        },
                                        "_id": "2f5a0c2"
                                    },
                                    {
                                        "item_text": "Magna Aliqua Vitae Aliquet",
                                        "selected_item_icon": {
                                            "value": "",
                                            "library": ""
                                        },
                                        "_id": "bc80d0e"
                                    },
                                    {
                                        "item_text": "Ullamcorper Sit Amet Risus",
                                        "selected_item_icon": {
                                            "value": "",
                                            "library": ""
                                        },
                                        "_id": "63415ea"
                                    },
                                    {
                                        "item_text": "Ipsum Dolor Sit Amet",
                                        "selected_item_icon": {
                                            "value": "fas fa-times",
                                            "library": "fa-solid"
                                        },
                                        "_id": "53d27a6",
                                        "__globals__": {
                                            "item_icon_color": "globals\/colors?id=889ca95"
                                        }
                                    },
                                    {
                                        "item_text": "Lam Egetsed Viverra Tell",
                                        "selected_item_icon": {
                                            "value": "fas fa-times",
                                            "library": "fa-solid"
                                        },
                                        "_id": "393fdb1",
                                        "__globals__": {
                                            "item_icon_color": "globals\/colors?id=889ca95"
                                        }
                                    },
                                    {
                                        "item_text": "In hac habitasse platea",
                                        "selected_item_icon": {
                                            "value": "fas fa-times",
                                            "library": "fa-solid"
                                        },
                                        "_id": "f878bca",
                                        "__globals__": {
                                            "item_icon_color": "globals\/colors?id=889ca95"
                                        }
                                    }
                                ],
                                "button_text": "Contact Me",
                                "footer_additional_info": "",
                                "show_ribbon": "",
                                "ribbon_title": "Popular",
                                "header_padding": {
                                    "unit": "px",
                                    "top": "100",
                                    "right": "0",
                                    "bottom": "45",
                                    "left": "0",
                                    "isLinked": false
                                },
                                "features_list_padding": {
                                    "unit": "px",
                                    "top": "50",
                                    "right": "0",
                                    "bottom": "50",
                                    "left": "0",
                                    "isLinked": false
                                },
                                "footer_padding": {
                                    "unit": "px",
                                    "top": "25",
                                    "right": "0",
                                    "bottom": "85",
                                    "left": "0",
                                    "isLinked": false
                                },
                                "button_text_padding": {
                                    "unit": "px",
                                    "top": "28",
                                    "right": "45",
                                    "bottom": "28",
                                    "left": "45",
                                    "isLinked": false
                                },
                                "ribbon_bg_color": "#61CE70",
                                "_box_shadow_box_shadow_type": "yes",
                                "_box_shadow_box_shadow": {
                                    "horizontal": 0,
                                    "vertical": 0,
                                    "blur": 25,
                                    "spread": -7,
                                    "color": "rgba(0,0,0,0.5)"
                                },
                                "_title": "Price Table",
                                "_animation": "fadeIn",
                                "__globals__": {
                                    "heading_color": "globals\/colors?id=primary",
                                    "heading_typography_typography": "globals\/typography?id=53e024a",
                                    "pricing_element_bg_color": "globals\/colors?id=17fb2e4",
                                    "price_color": "globals\/colors?id=937ce6e",
                                    "price_typography_typography": "globals\/typography?id=e03b9c3",
                                    "features_list_bg_color": "globals\/colors?id=937ce6e",
                                    "features_list_typography_typography": "globals\/typography?id=accent",
                                    "features_list_color": "globals\/colors?id=text",
                                    "divider_color": "globals\/colors?id=4b52731",
                                    "footer_bg_color": "globals\/colors?id=937ce6e",
                                    "button_background_color": "globals\/colors?id=primary",
                                    "button_typography_typography": "globals\/typography?id=text",
                                    "button_background_hover_color": "globals\/colors?id=accent",
                                    "button_hover_color": "globals\/colors?id=937ce6e",
                                    "header_bg_color": "globals\/colors?id=937ce6e",
                                    "button_text_color": "globals\/colors?id=937ce6e"
                                }
                            },
                            "elements": [],
                            "isInner": false,
                            "widgetType": "price-table",
                            "elType": "widget"
                        }
                    ],
                    "isInner": false,
                    "elType": "column"
                },
                {
                    "id": "2d6bdb2f",
                    "settings": {
                        "_column_size": 33,
                        "_inline_size": 35.332,
                        "padding": {
                            "unit": "px",
                            "top": "0",
                            "right": "0",
                            "bottom": "0",
                            "left": "0",
                            "isLinked": false
                        },
                        "z_index": 1,
                        "_title": "Professional"
                    },
                    "elements": [
                        {
                            "id": "5fc0b5cf",
                            "settings": {
                                "heading": "Professional",
                                "sub_heading": "",
                                "price": "250",
                                "period": "",
                                "features_list": [
                                    {
                                        "item_text": "Consectetur Adipis Cingelit",
                                        "selected_item_icon": {
                                            "value": "",
                                            "library": ""
                                        },
                                        "_id": "6700a3b"
                                    },
                                    {
                                        "item_text": "Sed Do Eiusmod Tempor Incidi",
                                        "selected_item_icon": {
                                            "value": "",
                                            "library": ""
                                        },
                                        "_id": "b040572"
                                    },
                                    {
                                        "item_text": "Didunt Ut Labore et Dolore",
                                        "selected_item_icon": {
                                            "value": "",
                                            "library": ""
                                        },
                                        "_id": "2f5a0c2"
                                    },
                                    {
                                        "item_text": "Magna Aliqua Vitae Aliquet",
                                        "selected_item_icon": {
                                            "value": "",
                                            "library": ""
                                        },
                                        "_id": "bc80d0e"
                                    },
                                    {
                                        "item_text": "Ullamcorper Sit Amet Risus",
                                        "selected_item_icon": {
                                            "value": "",
                                            "library": ""
                                        },
                                        "_id": "63415ea"
                                    },
                                    {
                                        "item_text": "Ipsum Dolor Sit Amet",
                                        "selected_item_icon": {
                                            "value": "fas fa-check",
                                            "library": "fa-solid"
                                        },
                                        "_id": "53d27a6",
                                        "__globals__": {
                                            "item_icon_color": "globals\/colors?id=dd598e9"
                                        }
                                    },
                                    {
                                        "item_text": "Lam Egetsed Viverra Tell",
                                        "selected_item_icon": {
                                            "value": "fas fa-times",
                                            "library": "fa-solid"
                                        },
                                        "_id": "393fdb1",
                                        "__globals__": {
                                            "item_icon_color": "globals\/colors?id=889ca95"
                                        }
                                    },
                                    {
                                        "item_text": "In hac habitasse platea",
                                        "selected_item_icon": {
                                            "value": "fas fa-times",
                                            "library": "fa-solid"
                                        },
                                        "_id": "f878bca",
                                        "__globals__": {
                                            "item_icon_color": "globals\/colors?id=889ca95"
                                        }
                                    }
                                ],
                                "button_text": "I Want This!",
                                "footer_additional_info": "",
                                "ribbon_title": "Popular",
                                "header_padding": {
                                    "unit": "px",
                                    "top": "100",
                                    "right": "0",
                                    "bottom": "45",
                                    "left": "0",
                                    "isLinked": false
                                },
                                "features_list_padding": {
                                    "unit": "px",
                                    "top": "50",
                                    "right": "0",
                                    "bottom": "50",
                                    "left": "0",
                                    "isLinked": false
                                },
                                "footer_padding": {
                                    "unit": "px",
                                    "top": "25",
                                    "right": "0",
                                    "bottom": "85",
                                    "left": "0",
                                    "isLinked": false
                                },
                                "button_text_padding": {
                                    "unit": "px",
                                    "top": "28",
                                    "right": "45",
                                    "bottom": "28",
                                    "left": "45",
                                    "isLinked": false
                                },
                                "_box_shadow_box_shadow_type": "yes",
                                "_box_shadow_box_shadow": {
                                    "horizontal": 0,
                                    "vertical": 0,
                                    "blur": 25,
                                    "spread": -7,
                                    "color": "rgba(0,0,0,0.5)"
                                },
                                "_title": "Price Table",
                                "_animation": "fadeIn",
                                "__globals__": {
                                    "header_bg_color": "globals\/colors?id=937ce6e",
                                    "heading_color": "globals\/colors?id=primary",
                                    "heading_typography_typography": "globals\/typography?id=53e024a",
                                    "pricing_element_bg_color": "globals\/colors?id=primary",
                                    "price_color": "globals\/colors?id=937ce6e",
                                    "price_typography_typography": "globals\/typography?id=e03b9c3",
                                    "features_list_bg_color": "globals\/colors?id=937ce6e",
                                    "features_list_color": "globals\/colors?id=text",
                                    "features_list_typography_typography": "globals\/typography?id=accent",
                                    "divider_color": "globals\/colors?id=4b52731",
                                    "footer_bg_color": "globals\/colors?id=937ce6e",
                                    "button_background_color": "globals\/colors?id=primary",
                                    "button_typography_typography": "globals\/typography?id=text",
                                    "button_text_color": "globals\/colors?id=937ce6e",
                                    "ribbon_bg_color": "globals\/colors?id=dd598e9",
                                    "button_hover_color": "globals\/colors?id=937ce6e",
                                    "button_background_hover_color": "globals\/colors?id=accent"
                                }
                            },
                            "elements": [],
                            "isInner": false,
                            "widgetType": "price-table",
                            "elType": "widget"
                        }
                    ],
                    "isInner": false,
                    "elType": "column"
                },
                {
                    "id": "23b21600",
                    "settings": {
                        "_column_size": 33,
                        "_inline_size": 32,
                        "padding": {
                            "unit": "px",
                            "top": "63",
                            "right": "0",
                            "bottom": "0",
                            "left": "0",
                            "isLinked": false
                        },
                        "_title": "Enterprise"
                    },
                    "elements": [
                        {
                            "id": "1717b37d",
                            "settings": {
                                "heading": "Enterprise",
                                "sub_heading": "",
                                "price": "750",
                                "period": "",
                                "features_list": [
                                    {
                                        "item_text": "Consectetur Adipis Cingelit",
                                        "selected_item_icon": {
                                            "value": "",
                                            "library": ""
                                        },
                                        "_id": "6700a3b"
                                    },
                                    {
                                        "item_text": "Sed Do Eiusmod Tempor Incidi",
                                        "selected_item_icon": {
                                            "value": "",
                                            "library": ""
                                        },
                                        "_id": "b040572"
                                    },
                                    {
                                        "item_text": "Didunt Ut Labore et Dolore",
                                        "selected_item_icon": {
                                            "value": "",
                                            "library": ""
                                        },
                                        "_id": "2f5a0c2"
                                    },
                                    {
                                        "item_text": "Magna Aliqua Vitae Aliquet",
                                        "selected_item_icon": {
                                            "value": "",
                                            "library": ""
                                        },
                                        "_id": "bc80d0e"
                                    },
                                    {
                                        "item_text": "Ullamcorper Sit Amet Risus",
                                        "selected_item_icon": {
                                            "value": "",
                                            "library": ""
                                        },
                                        "_id": "63415ea"
                                    },
                                    {
                                        "item_text": "Ipsum Dolor Sit Amet",
                                        "selected_item_icon": {
                                            "value": "fas fa-check",
                                            "library": "fa-solid"
                                        },
                                        "_id": "53d27a6",
                                        "__globals__": {
                                            "item_icon_color": "globals\/colors?id=dd598e9"
                                        }
                                    },
                                    {
                                        "item_text": "Lam Egetsed Viverra Tell",
                                        "selected_item_icon": {
                                            "value": "fas fa-check",
                                            "library": "fa-solid"
                                        },
                                        "_id": "393fdb1",
                                        "__globals__": {
                                            "item_icon_color": "globals\/colors?id=dd598e9"
                                        }
                                    },
                                    {
                                        "item_text": "In hac habitasse platea",
                                        "selected_item_icon": {
                                            "value": "fas fa-check",
                                            "library": "fa-solid"
                                        },
                                        "_id": "f878bca",
                                        "__globals__": {
                                            "item_icon_color": "globals\/colors?id=dd598e9"
                                        }
                                    }
                                ],
                                "button_text": "Contact Me",
                                "footer_additional_info": "",
                                "show_ribbon": "",
                                "ribbon_title": "Popular",
                                "header_padding": {
                                    "unit": "px",
                                    "top": "100",
                                    "right": "0",
                                    "bottom": "45",
                                    "left": "0",
                                    "isLinked": false
                                },
                                "features_list_padding": {
                                    "unit": "px",
                                    "top": "50",
                                    "right": "0",
                                    "bottom": "50",
                                    "left": "0",
                                    "isLinked": false
                                },
                                "footer_padding": {
                                    "unit": "px",
                                    "top": "25",
                                    "right": "0",
                                    "bottom": "85",
                                    "left": "0",
                                    "isLinked": false
                                },
                                "button_text_padding": {
                                    "unit": "px",
                                    "top": "28",
                                    "right": "45",
                                    "bottom": "28",
                                    "left": "45",
                                    "isLinked": false
                                },
                                "ribbon_bg_color": "#61CE70",
                                "_box_shadow_box_shadow_type": "yes",
                                "_box_shadow_box_shadow": {
                                    "horizontal": 0,
                                    "vertical": 0,
                                    "blur": 25,
                                    "spread": -7,
                                    "color": "rgba(0,0,0,0.5)"
                                },
                                "_title": "Price Table",
                                "_animation": "fadeIn",
                                "__globals__": {
                                    "header_bg_color": "globals\/colors?id=937ce6e",
                                    "heading_color": "globals\/colors?id=primary",
                                    "heading_typography_typography": "globals\/typography?id=53e024a",
                                    "pricing_element_bg_color": "globals\/colors?id=17fb2e4",
                                    "price_color": "globals\/colors?id=937ce6e",
                                    "price_typography_typography": "globals\/typography?id=e03b9c3",
                                    "features_list_bg_color": "globals\/colors?id=937ce6e",
                                    "features_list_color": "globals\/colors?id=text",
                                    "features_list_typography_typography": "globals\/typography?id=accent",
                                    "divider_color": "globals\/colors?id=4b52731",
                                    "footer_bg_color": "globals\/colors?id=937ce6e",
                                    "button_text_color": "globals\/colors?id=937ce6e",
                                    "button_typography_typography": "globals\/typography?id=text",
                                    "button_background_color": "globals\/colors?id=primary",
                                    "button_hover_color": "globals\/colors?id=937ce6e",
                                    "button_background_hover_color": "globals\/colors?id=accent"
                                }
                            },
                            "elements": [],
                            "isInner": false,
                            "widgetType": "price-table",
                            "elType": "widget"
                        }
                    ],
                    "isInner": false,
                    "elType": "column"
                }
            ],
            "isInner": false,
            "elType": "section"
        },
        {
            "id": "18e7b5bc",
            "settings": {
                "background_background": "classic",
                "margin_tablet": {
                    "unit": "px",
                    "top": "",
                    "right": 0,
                    "bottom": "",
                    "left": 0,
                    "isLinked": true
                },
                "__globals__": {
                    "background_color": "globals\/colors?id=a315964"
                }
            },
            "elements": [
                {
                    "id": "3bbcb300",
                    "settings": {
                        "_column_size": 100,
                        "_inline_size": null
                    },
                    "elements": [
                        {
                            "id": "25b54e90",
                            "settings": {
                                "space": {
                                    "unit": "px",
                                    "size": 98,
                                    "sizes": []
                                },
                                "space_tablet": {
                                    "unit": "px",
                                    "size": 68,
                                    "sizes": []
                                }
                            },
                            "elements": [],
                            "isInner": false,
                            "widgetType": "spacer",
                            "elType": "widget"
                        }
                    ],
                    "isInner": false,
                    "elType": "column"
                }
            ],
            "isInner": false,
            "elType": "section"
        },
        {
            "id": "6e5b0fee",
            "settings": {
                "box_shadow_box_shadow_type": "yes",
                "box_shadow_box_shadow": {
                    "horizontal": 0,
                    "vertical": 0,
                    "blur": 28,
                    "spread": -9,
                    "color": "rgba(0,0,0,0.5)"
                },
                "padding": {
                    "unit": "px",
                    "top": "120",
                    "right": "0",
                    "bottom": "120",
                    "left": "0",
                    "isLinked": false
                },
                "z_index": 1,
                "_title": "Can't Found What You Need For",
                "padding_mobile": {
                    "unit": "px",
                    "top": "120",
                    "right": "0",
                    "bottom": "120",
                    "left": "0",
                    "isLinked": false
                },
                "background_background": "classic",
                "__globals__": {
                    "background_color": "globals\/colors?id=937ce6e"
                }
            },
            "elements": [
                {
                    "id": "5ca851d3",
                    "settings": {
                        "_column_size": 100,
                        "_inline_size": null
                    },
                    "elements": [
                        {
                            "id": "27dd13c9",
                            "settings": {
                                "title": "Can\u2019t Found\nWhat You Need For?",
                                "_margin": {
                                    "unit": "px",
                                    "top": "0",
                                    "right": "0",
                                    "bottom": "0",
                                    "left": "0",
                                    "isLinked": false
                                },
                                "_padding": {
                                    "unit": "px",
                                    "top": "0",
                                    "right": "350",
                                    "bottom": "0",
                                    "left": "350",
                                    "isLinked": false
                                },
                                "_animation": "fadeInLeft",
                                "__globals__": {
                                    "typography_typography": "globals\/typography?id=d6391e1",
                                    "title_color": "globals\/colors?id=primary"
                                },
                                "align": "center",
                                "_padding_tablet": {
                                    "unit": "px",
                                    "top": "0",
                                    "right": "250",
                                    "bottom": "0",
                                    "left": "250",
                                    "isLinked": false
                                },
                                "_padding_mobile": {
                                    "unit": "px",
                                    "top": "0",
                                    "right": "50",
                                    "bottom": "0",
                                    "left": "50",
                                    "isLinked": false
                                }
                            },
                            "elements": [],
                            "isInner": false,
                            "widgetType": "heading",
                            "elType": "widget"
                        },
                        {
                            "id": "5c5350f6",
                            "settings": {
                                "space": {
                                    "unit": "px",
                                    "size": 13,
                                    "sizes": []
                                }
                            },
                            "elements": [],
                            "isInner": false,
                            "widgetType": "spacer",
                            "elType": "widget"
                        },
                        {
                            "id": "60847c4c",
                            "settings": {
                                "text": "Contact Me Now!",
                                "align": "center",
                                "_animation": "fadeInUp"
                            },
                            "elements": [],
                            "isInner": false,
                            "widgetType": "button",
                            "elType": "widget"
                        }
                    ],
                    "isInner": false,
                    "elType": "column"
                }
            ],
            "isInner": false,
            "elType": "section"
        },
        {
            "id": "79db22be",
            "settings": {
                "background_background": "classic",
                "__globals__": {
                    "background_color": "globals\/colors?id=a315964"
                }
            },
            "elements": [
                {
                    "id": "31ba4da9",
                    "settings": {
                        "_column_size": 100,
                        "_inline_size": null
                    },
                    "elements": [
                        {
                            "id": "35b94140",
                            "settings": {
                                "space": {
                                    "unit": "px",
                                    "size": 169,
                                    "sizes": []
                                },
                                "space_tablet": {
                                    "unit": "px",
                                    "size": 85,
                                    "sizes": []
                                }
                            },
                            "elements": [],
                            "isInner": false,
                            "widgetType": "spacer",
                            "elType": "widget"
                        }
                    ],
                    "isInner": false,
                    "elType": "column"
                }
            ],
            "isInner": false,
            "elType": "section"
        }
    ]
}