{
    "version": "0.4",
    "title": "Quotes | Section &#8211; Nikicivi Kit",
    "type": "section",
    "metadata": {
        "template_type": "section-other",
        "include_in_zip": "1",
        "elementor_pro_required": null,
        "wp_page_template": "default"
    },
    "content": [
        {
            "id": "2e7fb29a",
            "settings": {
                "padding": {
                    "unit": "px",
                    "top": "0",
                    "right": "25",
                    "bottom": "0",
                    "left": "25",
                    "isLinked": false
                },
                "padding_mobile": {
                    "unit": "px",
                    "top": "0",
                    "right": "0",
                    "bottom": "0",
                    "left": "0",
                    "isLinked": false
                },
                "_title": "Quotes - Nikicivi"
            },
            "elements": [
                {
                    "id": "74f115d3",
                    "settings": {
                        "_column_size": 100,
                        "_inline_size": null,
                        "padding": {
                            "unit": "px",
                            "top": "0",
                            "right": "260",
                            "bottom": "0",
                            "left": "260",
                            "isLinked": false
                        },
                        "padding_mobile": {
                            "unit": "px",
                            "top": "0",
                            "right": "25",
                            "bottom": "0",
                            "left": "25",
                            "isLinked": false
                        },
                        "padding_tablet": {
                            "unit": "px",
                            "top": "0",
                            "right": "0",
                            "bottom": "0",
                            "left": "0",
                            "isLinked": false
                        }
                    },
                    "elements": [
                        {
                            "id": "a960613",
                            "settings": {
                                "space": {
                                    "unit": "px",
                                    "size": 128,
                                    "sizes": []
                                },
                                "_title": "Spacer"
                            },
                            "elements": [],
                            "isInner": false,
                            "widgetType": "spacer",
                            "elType": "widget"
                        },
                        {
                            "id": "2dc92307",
                            "settings": {
                                "blockquote_skin": "quotation",
                                "blockquote_content": "Lorem ipsum dolor sit amet, consectetur adipiscing elit. Ut elit tellus, luctus nec ullamcorper mattis, pulvinar dapibus leo.Lorem ipsum ",
                                "author_name": "Niki Civinemz",
                                "tweet_button_label": "Tweet",
                                "content_gap": {
                                    "unit": "px",
                                    "size": 32,
                                    "sizes": []
                                },
                                "alignment": "center",
                                "_animation": "fadeInUp",
                                "tweet_button_view": "icon",
                                "__globals__": {
                                    "content_typography_typography": "globals\/typography?id=text",
                                    "author_typography_typography": "globals\/typography?id=469a0e8",
                                    "quote_text_color": "globals\/colors?id=accent",
                                    "author_text_color": "globals\/colors?id=secondary",
                                    "content_text_color": "globals\/colors?id=text"
                                }
                            },
                            "elements": [],
                            "isInner": false,
                            "widgetType": "blockquote",
                            "elType": "widget"
                        },
                        {
                            "id": "48928705",
                            "settings": {
                                "space": {
                                    "unit": "px",
                                    "size": 128,
                                    "sizes": []
                                },
                                "_title": "Spacer"
                            },
                            "elements": [],
                            "isInner": false,
                            "widgetType": "spacer",
                            "elType": "widget"
                        }
                    ],
                    "isInner": false,
                    "elType": "column"
                }
            ],
            "isInner": false,
            "elType": "section"
        }
    ]
}