{
    "version": "0.4",
    "title": "Services | Section &#8211; Nikicivi Kit",
    "type": "section",
    "metadata": {
        "template_type": "section-about",
        "include_in_zip": "1",
        "elementor_pro_required": null,
        "wp_page_template": "default"
    },
    "content": [
        {
            "id": "788188c",
            "settings": {
                "z_index": 1,
                "_title": "Services - Nikicivi"
            },
            "elements": [
                {
                    "id": "5a4f0165",
                    "settings": {
                        "_column_size": 100,
                        "_inline_size": null
                    },
                    "elements": [
                        {
                            "id": "4a84217c",
                            "settings": {
                                "space": {
                                    "unit": "px",
                                    "size": 120,
                                    "sizes": []
                                },
                                "space_tablet": {
                                    "unit": "px",
                                    "size": 63,
                                    "sizes": []
                                },
                                "space_mobile": {
                                    "unit": "px",
                                    "size": 60,
                                    "sizes": []
                                }
                            },
                            "elements": [],
                            "isInner": false,
                            "widgetType": "spacer",
                            "elType": "widget"
                        }
                    ],
                    "isInner": false,
                    "elType": "column"
                }
            ],
            "isInner": false,
            "elType": "section"
        },
        {
            "id": "31b98687",
            "settings": {
                "z_index": 1,
                "background_background": "classic",
                "_title": "Image 1",
                "margin": {
                    "unit": "px",
                    "top": "15",
                    "right": 0,
                    "bottom": "0",
                    "left": 0,
                    "isLinked": false
                },
                "margin_mobile": {
                    "unit": "px",
                    "top": "40",
                    "right": 0,
                    "bottom": "0",
                    "left": 0,
                    "isLinked": false
                }
            },
            "elements": [
                {
                    "id": "4222567a",
                    "settings": {
                        "_column_size": 100,
                        "_inline_size": null
                    },
                    "elements": [
                        {
                            "id": "624baaf1",
                            "settings": {
                                "image": {
                                    "url": "https:\/\/templatekit.hellokuro.com\/nikicivi\/wp-content\/uploads\/2021\/04\/portfolio-blog-nikicivi-1.jpg",
                                    "id": 560
                                },
                                "image_size": "full",
                                "align_mobile": "center",
                                "width": {
                                    "unit": "%",
                                    "size": 41,
                                    "sizes": []
                                },
                                "width_mobile": {
                                    "unit": "%",
                                    "size": 97,
                                    "sizes": []
                                },
                                "image_border_border": "solid",
                                "image_border_width": {
                                    "unit": "px",
                                    "top": "25",
                                    "right": "25",
                                    "bottom": "25",
                                    "left": "25",
                                    "isLinked": true
                                },
                                "image_border_width_mobile": {
                                    "unit": "px",
                                    "top": "14",
                                    "right": "14",
                                    "bottom": "14",
                                    "left": "14",
                                    "isLinked": true
                                },
                                "image_box_shadow_box_shadow_type": "yes",
                                "image_box_shadow_box_shadow": {
                                    "horizontal": 0,
                                    "vertical": 0,
                                    "blur": 28,
                                    "spread": -6,
                                    "color": "rgba(0,0,0,0.5)"
                                },
                                "_animation": "fadeIn",
                                "align": "left",
                                "__globals__": {
                                    "image_border_color": "globals\/colors?id=937ce6e"
                                }
                            },
                            "elements": [],
                            "isInner": false,
                            "widgetType": "image",
                            "elType": "widget"
                        }
                    ],
                    "isInner": false,
                    "elType": "column"
                }
            ],
            "isInner": false,
            "elType": "section"
        },
        {
            "id": "4f827a3f",
            "settings": {
                "structure": "30",
                "background_background": "classic",
                "margin": {
                    "unit": "px",
                    "top": "-221",
                    "right": 0,
                    "bottom": "0",
                    "left": 0,
                    "isLinked": false
                },
                "margin_tablet": {
                    "unit": "px",
                    "top": "-157",
                    "right": 0,
                    "bottom": "0",
                    "left": 0,
                    "isLinked": false
                },
                "margin_mobile": {
                    "unit": "px",
                    "top": "-131",
                    "right": 0,
                    "bottom": "0",
                    "left": 0,
                    "isLinked": false
                },
                "_title": "Caption 1",
                "z_index": 1,
                "__globals__": {
                    "background_color": ""
                }
            },
            "elements": [
                {
                    "id": "4d29d2c3",
                    "settings": {
                        "_column_size": 33,
                        "_inline_size": 43,
                        "padding": {
                            "unit": "px",
                            "top": "0",
                            "right": "15",
                            "bottom": "0",
                            "left": "155",
                            "isLinked": false
                        },
                        "padding_mobile": {
                            "unit": "px",
                            "top": "0",
                            "right": "15",
                            "bottom": "0",
                            "left": "25",
                            "isLinked": false
                        },
                        "_title": "Empty"
                    },
                    "elements": [
                        {
                            "id": "6e1d5ffc",
                            "settings": {
                                "space": {
                                    "unit": "px",
                                    "size": 300,
                                    "sizes": []
                                },
                                "space_tablet": {
                                    "unit": "px",
                                    "size": 224,
                                    "sizes": []
                                },
                                "space_mobile": {
                                    "unit": "px",
                                    "size": 140,
                                    "sizes": []
                                }
                            },
                            "elements": [],
                            "isInner": false,
                            "widgetType": "spacer",
                            "elType": "widget"
                        },
                        {
                            "id": "4c028b88",
                            "settings": {
                                "space": {
                                    "unit": "px",
                                    "size": 65,
                                    "sizes": []
                                },
                                "space_mobile": {
                                    "unit": "px",
                                    "size": 10,
                                    "sizes": []
                                }
                            },
                            "elements": [],
                            "isInner": false,
                            "widgetType": "spacer",
                            "elType": "widget"
                        }
                    ],
                    "isInner": false,
                    "elType": "column"
                },
                {
                    "id": "655f3bc",
                    "settings": {
                        "_column_size": 33,
                        "_inline_size": 7.333,
                        "background_background": "classic",
                        "margin": {
                            "unit": "px",
                            "top": "0",
                            "right": "0",
                            "bottom": "0",
                            "left": "27",
                            "isLinked": false
                        },
                        "hide_mobile": "hidden-phone",
                        "padding_mobile": {
                            "unit": "px",
                            "top": "0",
                            "right": "15",
                            "bottom": "0",
                            "left": "15",
                            "isLinked": false
                        },
                        "_title": "Line"
                    },
                    "elements": [
                        {
                            "id": "27ee7fdb",
                            "settings": {
                                "space": {
                                    "unit": "px",
                                    "size": 69,
                                    "sizes": []
                                },
                                "space_tablet": {
                                    "unit": "px",
                                    "size": 35,
                                    "sizes": []
                                },
                                "space_mobile": {
                                    "unit": "px",
                                    "size": 10,
                                    "sizes": []
                                }
                            },
                            "elements": [],
                            "isInner": false,
                            "widgetType": "spacer",
                            "elType": "widget"
                        },
                        {
                            "id": "658fa5e5",
                            "settings": {
                                "space": {
                                    "unit": "px",
                                    "size": 174,
                                    "sizes": []
                                },
                                "space_mobile": {
                                    "unit": "px",
                                    "size": 10,
                                    "sizes": []
                                },
                                "_background_background": "classic",
                                "_element_width": "initial",
                                "_element_custom_width": {
                                    "unit": "px",
                                    "size": 2,
                                    "sizes": []
                                },
                                "_animation": "fadeInUp",
                                "space_tablet": {
                                    "unit": "px",
                                    "size": 146,
                                    "sizes": []
                                },
                                "__globals__": {
                                    "_background_color": "globals\/colors?id=accent"
                                }
                            },
                            "elements": [],
                            "isInner": false,
                            "widgetType": "spacer",
                            "elType": "widget"
                        },
                        {
                            "id": "7e71cdb7",
                            "settings": {
                                "space": {
                                    "unit": "px",
                                    "size": 22,
                                    "sizes": []
                                },
                                "space_mobile": {
                                    "unit": "px",
                                    "size": 10,
                                    "sizes": []
                                }
                            },
                            "elements": [],
                            "isInner": false,
                            "widgetType": "spacer",
                            "elType": "widget"
                        }
                    ],
                    "isInner": false,
                    "elType": "column"
                },
                {
                    "id": "5424f229",
                    "settings": {
                        "_column_size": 33,
                        "_inline_size": 49,
                        "padding": {
                            "unit": "px",
                            "top": "0",
                            "right": "15",
                            "bottom": "0",
                            "left": "15",
                            "isLinked": false
                        },
                        "padding_mobile": {
                            "unit": "px",
                            "top": "0",
                            "right": "15",
                            "bottom": "0",
                            "left": "25",
                            "isLinked": false
                        },
                        "_title": "Caption"
                    },
                    "elements": [
                        {
                            "id": "603f5a35",
                            "settings": {
                                "space": {
                                    "unit": "px",
                                    "size": 71,
                                    "sizes": []
                                },
                                "space_tablet": {
                                    "unit": "px",
                                    "size": 50,
                                    "sizes": []
                                },
                                "space_mobile": {
                                    "unit": "px",
                                    "size": 10,
                                    "sizes": []
                                }
                            },
                            "elements": [],
                            "isInner": false,
                            "widgetType": "spacer",
                            "elType": "widget"
                        },
                        {
                            "id": "2aae1b4d",
                            "settings": {
                                "title": "Web\nDesign",
                                "_margin": {
                                    "unit": "px",
                                    "top": "0",
                                    "right": "0",
                                    "bottom": "0",
                                    "left": "0",
                                    "isLinked": false
                                },
                                "_padding": {
                                    "unit": "px",
                                    "top": "0",
                                    "right": "0",
                                    "bottom": "0",
                                    "left": "0",
                                    "isLinked": false
                                },
                                "_animation": "fadeInLeft",
                                "__globals__": {
                                    "typography_typography": "globals\/typography?id=379805f",
                                    "title_color": "globals\/colors?id=primary"
                                }
                            },
                            "elements": [],
                            "isInner": false,
                            "widgetType": "heading",
                            "elType": "widget"
                        },
                        {
                            "id": "5f57ab62",
                            "settings": {
                                "space": {
                                    "unit": "px",
                                    "size": 10,
                                    "sizes": []
                                },
                                "space_tablet": {
                                    "unit": "px",
                                    "size": 10,
                                    "sizes": []
                                },
                                "space_mobile": {
                                    "unit": "px",
                                    "size": 16,
                                    "sizes": []
                                }
                            },
                            "elements": [],
                            "isInner": false,
                            "widgetType": "spacer",
                            "elType": "widget"
                        },
                        {
                            "id": "59ef4512",
                            "settings": {
                                "editor": "<p>Lorem ipsum dolor sit amet, consectetur adipiscing elit, sed do eiusmod tempor incididunt ut labore et dolore magna aliqua.<\/p>",
                                "align_mobile": "left",
                                "_animation": "fadeInUp",
                                "_padding": {
                                    "unit": "px",
                                    "top": "0",
                                    "right": "0",
                                    "bottom": "0",
                                    "left": "0",
                                    "isLinked": false
                                },
                                "__globals__": {
                                    "text_color": "globals\/colors?id=text",
                                    "typography_typography": "globals\/typography?id=text"
                                }
                            },
                            "elements": [],
                            "isInner": false,
                            "widgetType": "text-editor",
                            "elType": "widget"
                        },
                        {
                            "id": "6d8a7247",
                            "settings": {
                                "space": {
                                    "unit": "px",
                                    "size": 70,
                                    "sizes": []
                                },
                                "space_tablet": {
                                    "unit": "px",
                                    "size": 30,
                                    "sizes": []
                                },
                                "space_mobile": {
                                    "unit": "px",
                                    "size": 77,
                                    "sizes": []
                                }
                            },
                            "elements": [],
                            "isInner": false,
                            "widgetType": "spacer",
                            "elType": "widget"
                        }
                    ],
                    "isInner": false,
                    "elType": "column"
                }
            ],
            "isInner": false,
            "elType": "section"
        },
        {
            "id": "627f99fa",
            "settings": {
                "background_background": "classic",
                "margin": {
                    "unit": "px",
                    "top": "-644",
                    "right": 0,
                    "bottom": "0",
                    "left": 0,
                    "isLinked": false
                },
                "margin_tablet": {
                    "unit": "px",
                    "top": "-498",
                    "right": 0,
                    "bottom": "0",
                    "left": 0,
                    "isLinked": false
                },
                "margin_mobile": {
                    "unit": "px",
                    "top": "-774",
                    "right": 0,
                    "bottom": "0",
                    "left": 0,
                    "isLinked": false
                },
                "padding": {
                    "unit": "px",
                    "top": "0",
                    "right": "0",
                    "bottom": "160",
                    "left": "0",
                    "isLinked": false
                },
                "padding_tablet": {
                    "unit": "px",
                    "top": "0",
                    "right": "0",
                    "bottom": "67",
                    "left": "0",
                    "isLinked": false
                },
                "padding_mobile": {
                    "unit": "px",
                    "top": "0",
                    "right": "0",
                    "bottom": "175",
                    "left": "0",
                    "isLinked": false
                },
                "_title": "Background",
                "__globals__": {
                    "background_color": "globals\/colors?id=a315964"
                }
            },
            "elements": [
                {
                    "id": "41068d69",
                    "settings": {
                        "_column_size": 100,
                        "_inline_size": null
                    },
                    "elements": [
                        {
                            "id": "7d3011c4",
                            "settings": {
                                "space": {
                                    "unit": "px",
                                    "size": 67,
                                    "sizes": []
                                }
                            },
                            "elements": [],
                            "isInner": false,
                            "widgetType": "spacer",
                            "elType": "widget"
                        }
                    ],
                    "isInner": false,
                    "elType": "column"
                }
            ],
            "isInner": false,
            "elType": "section"
        },
        {
            "id": "2223928c",
            "settings": {
                "z_index": 1,
                "background_background": "classic",
                "_title": "Image 2",
                "margin": {
                    "unit": "px",
                    "top": "550",
                    "right": 0,
                    "bottom": "0",
                    "left": 0,
                    "isLinked": false
                },
                "margin_tablet": {
                    "unit": "px",
                    "top": "460",
                    "right": 0,
                    "bottom": "0",
                    "left": 0,
                    "isLinked": false
                },
                "margin_mobile": {
                    "unit": "px",
                    "top": "640",
                    "right": 0,
                    "bottom": "0",
                    "left": 0,
                    "isLinked": false
                }
            },
            "elements": [
                {
                    "id": "7ae348b1",
                    "settings": {
                        "_column_size": 100,
                        "_inline_size": null
                    },
                    "elements": [
                        {
                            "id": "4bfb7b2d",
                            "settings": {
                                "image": {
                                    "url": "https:\/\/templatekit.hellokuro.com\/nikicivi\/wp-content\/uploads\/2021\/04\/services-nikicivi-wm-2.jpg",
                                    "id": 2467
                                },
                                "image_size": "full",
                                "align_mobile": "center",
                                "width": {
                                    "unit": "%",
                                    "size": 41,
                                    "sizes": []
                                },
                                "width_mobile": {
                                    "unit": "%",
                                    "size": 97,
                                    "sizes": []
                                },
                                "image_border_border": "solid",
                                "image_border_width": {
                                    "unit": "px",
                                    "top": "25",
                                    "right": "25",
                                    "bottom": "25",
                                    "left": "25",
                                    "isLinked": true
                                },
                                "image_border_width_mobile": {
                                    "unit": "px",
                                    "top": "14",
                                    "right": "14",
                                    "bottom": "14",
                                    "left": "14",
                                    "isLinked": true
                                },
                                "image_box_shadow_box_shadow_type": "yes",
                                "image_box_shadow_box_shadow": {
                                    "horizontal": 0,
                                    "vertical": 0,
                                    "blur": 28,
                                    "spread": -6,
                                    "color": "rgba(0,0,0,0.5)"
                                },
                                "_animation": "fadeIn",
                                "align": "left",
                                "__globals__": {
                                    "image_border_color": "globals\/colors?id=937ce6e"
                                }
                            },
                            "elements": [],
                            "isInner": false,
                            "widgetType": "image",
                            "elType": "widget"
                        }
                    ],
                    "isInner": false,
                    "elType": "column"
                }
            ],
            "isInner": false,
            "elType": "section"
        },
        {
            "id": "8a9bc22",
            "settings": {
                "structure": "30",
                "background_background": "classic",
                "margin": {
                    "unit": "px",
                    "top": "-221",
                    "right": 0,
                    "bottom": "0",
                    "left": 0,
                    "isLinked": false
                },
                "margin_tablet": {
                    "unit": "px",
                    "top": "-157",
                    "right": 0,
                    "bottom": "0",
                    "left": 0,
                    "isLinked": false
                },
                "margin_mobile": {
                    "unit": "px",
                    "top": "-131",
                    "right": 0,
                    "bottom": "0",
                    "left": 0,
                    "isLinked": false
                },
                "_title": "Caption 2",
                "z_index": 1
            },
            "elements": [
                {
                    "id": "3eb2fea7",
                    "settings": {
                        "_column_size": 33,
                        "_inline_size": 43,
                        "padding": {
                            "unit": "px",
                            "top": "0",
                            "right": "15",
                            "bottom": "0",
                            "left": "155",
                            "isLinked": false
                        },
                        "padding_mobile": {
                            "unit": "px",
                            "top": "0",
                            "right": "15",
                            "bottom": "0",
                            "left": "25",
                            "isLinked": false
                        },
                        "_title": "Empty"
                    },
                    "elements": [
                        {
                            "id": "5737ab97",
                            "settings": {
                                "space": {
                                    "unit": "px",
                                    "size": 300,
                                    "sizes": []
                                },
                                "space_tablet": {
                                    "unit": "px",
                                    "size": 224,
                                    "sizes": []
                                },
                                "space_mobile": {
                                    "unit": "px",
                                    "size": 140,
                                    "sizes": []
                                }
                            },
                            "elements": [],
                            "isInner": false,
                            "widgetType": "spacer",
                            "elType": "widget"
                        },
                        {
                            "id": "6599d0d8",
                            "settings": {
                                "space": {
                                    "unit": "px",
                                    "size": 65,
                                    "sizes": []
                                },
                                "space_mobile": {
                                    "unit": "px",
                                    "size": 10,
                                    "sizes": []
                                }
                            },
                            "elements": [],
                            "isInner": false,
                            "widgetType": "spacer",
                            "elType": "widget"
                        }
                    ],
                    "isInner": false,
                    "elType": "column"
                },
                {
                    "id": "4cda4768",
                    "settings": {
                        "_column_size": 33,
                        "_inline_size": 7.333,
                        "background_background": "classic",
                        "margin": {
                            "unit": "px",
                            "top": "0",
                            "right": "0",
                            "bottom": "0",
                            "left": "27",
                            "isLinked": false
                        },
                        "hide_mobile": "hidden-phone",
                        "padding_mobile": {
                            "unit": "px",
                            "top": "0",
                            "right": "15",
                            "bottom": "0",
                            "left": "15",
                            "isLinked": false
                        },
                        "_title": "Line"
                    },
                    "elements": [
                        {
                            "id": "542c3d5e",
                            "settings": {
                                "space": {
                                    "unit": "px",
                                    "size": 69,
                                    "sizes": []
                                },
                                "space_tablet": {
                                    "unit": "px",
                                    "size": 35,
                                    "sizes": []
                                },
                                "space_mobile": {
                                    "unit": "px",
                                    "size": 10,
                                    "sizes": []
                                }
                            },
                            "elements": [],
                            "isInner": false,
                            "widgetType": "spacer",
                            "elType": "widget"
                        },
                        {
                            "id": "5e2b2da6",
                            "settings": {
                                "space": {
                                    "unit": "px",
                                    "size": 174,
                                    "sizes": []
                                },
                                "space_mobile": {
                                    "unit": "px",
                                    "size": 10,
                                    "sizes": []
                                },
                                "_background_background": "classic",
                                "_element_width": "initial",
                                "_element_custom_width": {
                                    "unit": "px",
                                    "size": 2,
                                    "sizes": []
                                },
                                "_animation": "fadeInUp",
                                "space_tablet": {
                                    "unit": "px",
                                    "size": 146,
                                    "sizes": []
                                },
                                "__globals__": {
                                    "_background_color": "globals\/colors?id=accent"
                                }
                            },
                            "elements": [],
                            "isInner": false,
                            "widgetType": "spacer",
                            "elType": "widget"
                        },
                        {
                            "id": "3006ecca",
                            "settings": {
                                "space": {
                                    "unit": "px",
                                    "size": 22,
                                    "sizes": []
                                },
                                "space_mobile": {
                                    "unit": "px",
                                    "size": 10,
                                    "sizes": []
                                }
                            },
                            "elements": [],
                            "isInner": false,
                            "widgetType": "spacer",
                            "elType": "widget"
                        }
                    ],
                    "isInner": false,
                    "elType": "column"
                },
                {
                    "id": "57e2688c",
                    "settings": {
                        "_column_size": 33,
                        "_inline_size": 49,
                        "padding": {
                            "unit": "px",
                            "top": "0",
                            "right": "15",
                            "bottom": "0",
                            "left": "15",
                            "isLinked": false
                        },
                        "padding_mobile": {
                            "unit": "px",
                            "top": "0",
                            "right": "15",
                            "bottom": "0",
                            "left": "25",
                            "isLinked": false
                        },
                        "_title": "Caption"
                    },
                    "elements": [
                        {
                            "id": "4407fa56",
                            "settings": {
                                "space": {
                                    "unit": "px",
                                    "size": 71,
                                    "sizes": []
                                },
                                "space_tablet": {
                                    "unit": "px",
                                    "size": 50,
                                    "sizes": []
                                },
                                "space_mobile": {
                                    "unit": "px",
                                    "size": 10,
                                    "sizes": []
                                }
                            },
                            "elements": [],
                            "isInner": false,
                            "widgetType": "spacer",
                            "elType": "widget"
                        },
                        {
                            "id": "6d491733",
                            "settings": {
                                "title": "UI \/ UX\nDesign",
                                "_margin": {
                                    "unit": "px",
                                    "top": "0",
                                    "right": "0",
                                    "bottom": "0",
                                    "left": "0",
                                    "isLinked": false
                                },
                                "_padding": {
                                    "unit": "px",
                                    "top": "0",
                                    "right": "0",
                                    "bottom": "0",
                                    "left": "0",
                                    "isLinked": false
                                },
                                "_animation": "fadeInLeft",
                                "__globals__": {
                                    "typography_typography": "globals\/typography?id=379805f",
                                    "title_color": "globals\/colors?id=primary"
                                }
                            },
                            "elements": [],
                            "isInner": false,
                            "widgetType": "heading",
                            "elType": "widget"
                        },
                        {
                            "id": "3cd4d5ca",
                            "settings": {
                                "space": {
                                    "unit": "px",
                                    "size": 10,
                                    "sizes": []
                                },
                                "space_tablet": {
                                    "unit": "px",
                                    "size": 10,
                                    "sizes": []
                                },
                                "space_mobile": {
                                    "unit": "px",
                                    "size": 16,
                                    "sizes": []
                                }
                            },
                            "elements": [],
                            "isInner": false,
                            "widgetType": "spacer",
                            "elType": "widget"
                        },
                        {
                            "id": "2714e5d0",
                            "settings": {
                                "editor": "<p>Lorem ipsum dolor sit amet, consectetur adipiscing elit, sed do eiusmod tempor incididunt ut labore et dolore magna aliqua.<\/p>",
                                "align_mobile": "left",
                                "_animation": "fadeInUp",
                                "__globals__": {
                                    "text_color": "globals\/colors?id=text",
                                    "typography_typography": "globals\/typography?id=text"
                                }
                            },
                            "elements": [],
                            "isInner": false,
                            "widgetType": "text-editor",
                            "elType": "widget"
                        },
                        {
                            "id": "60f68c24",
                            "settings": {
                                "space": {
                                    "unit": "px",
                                    "size": 84,
                                    "sizes": []
                                },
                                "space_tablet": {
                                    "unit": "px",
                                    "size": 30,
                                    "sizes": []
                                },
                                "space_mobile": {
                                    "unit": "px",
                                    "size": 77,
                                    "sizes": []
                                }
                            },
                            "elements": [],
                            "isInner": false,
                            "widgetType": "spacer",
                            "elType": "widget"
                        }
                    ],
                    "isInner": false,
                    "elType": "column"
                }
            ],
            "isInner": false,
            "elType": "section"
        },
        {
            "id": "55917f31",
            "settings": {
                "background_background": "classic",
                "margin": {
                    "unit": "px",
                    "top": "-646",
                    "right": 0,
                    "bottom": "0",
                    "left": 0,
                    "isLinked": false
                },
                "margin_tablet": {
                    "unit": "px",
                    "top": "-514",
                    "right": 0,
                    "bottom": "0",
                    "left": 0,
                    "isLinked": false
                },
                "margin_mobile": {
                    "unit": "px",
                    "top": "-784",
                    "right": 0,
                    "bottom": "0",
                    "left": 0,
                    "isLinked": false
                },
                "padding": {
                    "unit": "px",
                    "top": "0",
                    "right": "0",
                    "bottom": "160",
                    "left": "0",
                    "isLinked": false
                },
                "padding_tablet": {
                    "unit": "px",
                    "top": "0",
                    "right": "0",
                    "bottom": "87",
                    "left": "0",
                    "isLinked": false
                },
                "padding_mobile": {
                    "unit": "px",
                    "top": "0",
                    "right": "0",
                    "bottom": "175",
                    "left": "0",
                    "isLinked": false
                },
                "_title": "Background",
                "__globals__": {
                    "background_color": "globals\/colors?id=a315964"
                }
            },
            "elements": [
                {
                    "id": "717dfd9f",
                    "settings": {
                        "_column_size": 100,
                        "_inline_size": null
                    },
                    "elements": [
                        {
                            "id": "2634d11b",
                            "settings": {
                                "space": {
                                    "unit": "px",
                                    "size": 67,
                                    "sizes": []
                                }
                            },
                            "elements": [],
                            "isInner": false,
                            "widgetType": "spacer",
                            "elType": "widget"
                        }
                    ],
                    "isInner": false,
                    "elType": "column"
                }
            ],
            "isInner": false,
            "elType": "section"
        },
        {
            "id": "649edfbd",
            "settings": {
                "z_index": 1,
                "background_background": "classic",
                "_title": "Image 3",
                "margin": {
                    "unit": "px",
                    "top": "550",
                    "right": 0,
                    "bottom": "0",
                    "left": 0,
                    "isLinked": false
                },
                "margin_tablet": {
                    "unit": "px",
                    "top": "460",
                    "right": 0,
                    "bottom": "0",
                    "left": 0,
                    "isLinked": false
                },
                "margin_mobile": {
                    "unit": "px",
                    "top": "640",
                    "right": 0,
                    "bottom": "0",
                    "left": 0,
                    "isLinked": false
                }
            },
            "elements": [
                {
                    "id": "1c2f686e",
                    "settings": {
                        "_column_size": 100,
                        "_inline_size": null
                    },
                    "elements": [
                        {
                            "id": "6619d17",
                            "settings": {
                                "image": {
                                    "url": "https:\/\/templatekit.hellokuro.com\/nikicivi\/wp-content\/uploads\/2021\/04\/services-nikicivi-wm-3.jpg",
                                    "id": 2478
                                },
                                "image_size": "full",
                                "align_mobile": "center",
                                "width": {
                                    "unit": "%",
                                    "size": 41,
                                    "sizes": []
                                },
                                "width_mobile": {
                                    "unit": "%",
                                    "size": 97,
                                    "sizes": []
                                },
                                "image_border_border": "solid",
                                "image_border_width": {
                                    "unit": "px",
                                    "top": "25",
                                    "right": "25",
                                    "bottom": "25",
                                    "left": "25",
                                    "isLinked": true
                                },
                                "image_border_width_mobile": {
                                    "unit": "px",
                                    "top": "14",
                                    "right": "14",
                                    "bottom": "14",
                                    "left": "14",
                                    "isLinked": true
                                },
                                "image_box_shadow_box_shadow_type": "yes",
                                "image_box_shadow_box_shadow": {
                                    "horizontal": 0,
                                    "vertical": 0,
                                    "blur": 28,
                                    "spread": -6,
                                    "color": "rgba(0,0,0,0.5)"
                                },
                                "_animation": "fadeIn",
                                "align": "left",
                                "__globals__": {
                                    "image_border_color": "globals\/colors?id=937ce6e"
                                }
                            },
                            "elements": [],
                            "isInner": false,
                            "widgetType": "image",
                            "elType": "widget"
                        }
                    ],
                    "isInner": false,
                    "elType": "column"
                }
            ],
            "isInner": false,
            "elType": "section"
        },
        {
            "id": "78dacf2f",
            "settings": {
                "structure": "30",
                "background_background": "classic",
                "margin": {
                    "unit": "px",
                    "top": "-211",
                    "right": 0,
                    "bottom": "0",
                    "left": 0,
                    "isLinked": false
                },
                "margin_tablet": {
                    "unit": "px",
                    "top": "-157",
                    "right": 0,
                    "bottom": "0",
                    "left": 0,
                    "isLinked": false
                },
                "margin_mobile": {
                    "unit": "px",
                    "top": "-131",
                    "right": 0,
                    "bottom": "0",
                    "left": 0,
                    "isLinked": false
                },
                "_title": "Caption 3",
                "z_index": 1
            },
            "elements": [
                {
                    "id": "2534612a",
                    "settings": {
                        "_column_size": 33,
                        "_inline_size": 43,
                        "padding": {
                            "unit": "px",
                            "top": "0",
                            "right": "15",
                            "bottom": "0",
                            "left": "155",
                            "isLinked": false
                        },
                        "padding_mobile": {
                            "unit": "px",
                            "top": "0",
                            "right": "15",
                            "bottom": "0",
                            "left": "25",
                            "isLinked": false
                        },
                        "_title": "Empty"
                    },
                    "elements": [
                        {
                            "id": "24a1f4c1",
                            "settings": {
                                "space": {
                                    "unit": "px",
                                    "size": 300,
                                    "sizes": []
                                },
                                "space_tablet": {
                                    "unit": "px",
                                    "size": 224,
                                    "sizes": []
                                },
                                "space_mobile": {
                                    "unit": "px",
                                    "size": 140,
                                    "sizes": []
                                }
                            },
                            "elements": [],
                            "isInner": false,
                            "widgetType": "spacer",
                            "elType": "widget"
                        },
                        {
                            "id": "31791de5",
                            "settings": {
                                "space": {
                                    "unit": "px",
                                    "size": 65,
                                    "sizes": []
                                },
                                "space_mobile": {
                                    "unit": "px",
                                    "size": 10,
                                    "sizes": []
                                }
                            },
                            "elements": [],
                            "isInner": false,
                            "widgetType": "spacer",
                            "elType": "widget"
                        }
                    ],
                    "isInner": false,
                    "elType": "column"
                },
                {
                    "id": "11703a34",
                    "settings": {
                        "_column_size": 33,
                        "_inline_size": 7.333,
                        "background_background": "classic",
                        "margin": {
                            "unit": "px",
                            "top": "0",
                            "right": "0",
                            "bottom": "0",
                            "left": "27",
                            "isLinked": false
                        },
                        "hide_mobile": "hidden-phone",
                        "padding_mobile": {
                            "unit": "px",
                            "top": "0",
                            "right": "15",
                            "bottom": "0",
                            "left": "15",
                            "isLinked": false
                        },
                        "_title": "Line"
                    },
                    "elements": [
                        {
                            "id": "65e4d59a",
                            "settings": {
                                "space": {
                                    "unit": "px",
                                    "size": 69,
                                    "sizes": []
                                },
                                "space_tablet": {
                                    "unit": "px",
                                    "size": 35,
                                    "sizes": []
                                },
                                "space_mobile": {
                                    "unit": "px",
                                    "size": 10,
                                    "sizes": []
                                }
                            },
                            "elements": [],
                            "isInner": false,
                            "widgetType": "spacer",
                            "elType": "widget"
                        },
                        {
                            "id": "111858e6",
                            "settings": {
                                "space": {
                                    "unit": "px",
                                    "size": 174,
                                    "sizes": []
                                },
                                "space_mobile": {
                                    "unit": "px",
                                    "size": 10,
                                    "sizes": []
                                },
                                "_background_background": "classic",
                                "_element_width": "initial",
                                "_element_custom_width": {
                                    "unit": "px",
                                    "size": 2,
                                    "sizes": []
                                },
                                "_animation": "fadeInUp",
                                "space_tablet": {
                                    "unit": "px",
                                    "size": 146,
                                    "sizes": []
                                },
                                "__globals__": {
                                    "_background_color": "globals\/colors?id=accent"
                                }
                            },
                            "elements": [],
                            "isInner": false,
                            "widgetType": "spacer",
                            "elType": "widget"
                        },
                        {
                            "id": "7bd0c3c0",
                            "settings": {
                                "space": {
                                    "unit": "px",
                                    "size": 22,
                                    "sizes": []
                                },
                                "space_mobile": {
                                    "unit": "px",
                                    "size": 10,
                                    "sizes": []
                                }
                            },
                            "elements": [],
                            "isInner": false,
                            "widgetType": "spacer",
                            "elType": "widget"
                        }
                    ],
                    "isInner": false,
                    "elType": "column"
                },
                {
                    "id": "ec82032",
                    "settings": {
                        "_column_size": 33,
                        "_inline_size": 49,
                        "padding": {
                            "unit": "px",
                            "top": "0",
                            "right": "15",
                            "bottom": "0",
                            "left": "15",
                            "isLinked": false
                        },
                        "padding_mobile": {
                            "unit": "px",
                            "top": "0",
                            "right": "15",
                            "bottom": "0",
                            "left": "25",
                            "isLinked": false
                        },
                        "_title": "Caption"
                    },
                    "elements": [
                        {
                            "id": "56f46931",
                            "settings": {
                                "space": {
                                    "unit": "px",
                                    "size": 71,
                                    "sizes": []
                                },
                                "space_tablet": {
                                    "unit": "px",
                                    "size": 50,
                                    "sizes": []
                                },
                                "space_mobile": {
                                    "unit": "px",
                                    "size": 10,
                                    "sizes": []
                                }
                            },
                            "elements": [],
                            "isInner": false,
                            "widgetType": "spacer",
                            "elType": "widget"
                        },
                        {
                            "id": "5e4eb307",
                            "settings": {
                                "title": "Logo \/\nMascot Design",
                                "_margin": {
                                    "unit": "px",
                                    "top": "0",
                                    "right": "0",
                                    "bottom": "0",
                                    "left": "0",
                                    "isLinked": false
                                },
                                "_padding": {
                                    "unit": "px",
                                    "top": "0",
                                    "right": "0",
                                    "bottom": "0",
                                    "left": "0",
                                    "isLinked": false
                                },
                                "_animation": "fadeInLeft",
                                "__globals__": {
                                    "typography_typography": "globals\/typography?id=379805f",
                                    "title_color": "globals\/colors?id=primary"
                                }
                            },
                            "elements": [],
                            "isInner": false,
                            "widgetType": "heading",
                            "elType": "widget"
                        },
                        {
                            "id": "65aee0a8",
                            "settings": {
                                "space": {
                                    "unit": "px",
                                    "size": 10,
                                    "sizes": []
                                },
                                "space_tablet": {
                                    "unit": "px",
                                    "size": 10,
                                    "sizes": []
                                },
                                "space_mobile": {
                                    "unit": "px",
                                    "size": 16,
                                    "sizes": []
                                }
                            },
                            "elements": [],
                            "isInner": false,
                            "widgetType": "spacer",
                            "elType": "widget"
                        },
                        {
                            "id": "7e7c0538",
                            "settings": {
                                "editor": "<p>Lorem ipsum dolor sit amet, consectetur adipiscing elit, sed do eiusmod tempor incididunt ut labore et dolore magna aliqua.<\/p>",
                                "align_mobile": "left",
                                "_animation": "fadeInUp",
                                "__globals__": {
                                    "text_color": "globals\/colors?id=text",
                                    "typography_typography": "globals\/typography?id=text"
                                }
                            },
                            "elements": [],
                            "isInner": false,
                            "widgetType": "text-editor",
                            "elType": "widget"
                        },
                        {
                            "id": "1f84a301",
                            "settings": {
                                "space": {
                                    "unit": "px",
                                    "size": 84,
                                    "sizes": []
                                },
                                "space_tablet": {
                                    "unit": "px",
                                    "size": 30,
                                    "sizes": []
                                },
                                "space_mobile": {
                                    "unit": "px",
                                    "size": 77,
                                    "sizes": []
                                }
                            },
                            "elements": [],
                            "isInner": false,
                            "widgetType": "spacer",
                            "elType": "widget"
                        }
                    ],
                    "isInner": false,
                    "elType": "column"
                }
            ],
            "isInner": false,
            "elType": "section"
        },
        {
            "id": "662135a2",
            "settings": {
                "background_background": "classic",
                "margin": {
                    "unit": "px",
                    "top": "-646",
                    "right": 0,
                    "bottom": "0",
                    "left": 0,
                    "isLinked": false
                },
                "margin_tablet": {
                    "unit": "px",
                    "top": "-514",
                    "right": 0,
                    "bottom": "0",
                    "left": 0,
                    "isLinked": false
                },
                "margin_mobile": {
                    "unit": "px",
                    "top": "-784",
                    "right": 0,
                    "bottom": "0",
                    "left": 0,
                    "isLinked": false
                },
                "padding": {
                    "unit": "px",
                    "top": "0",
                    "right": "0",
                    "bottom": "160",
                    "left": "0",
                    "isLinked": false
                },
                "padding_tablet": {
                    "unit": "px",
                    "top": "0",
                    "right": "0",
                    "bottom": "87",
                    "left": "0",
                    "isLinked": false
                },
                "padding_mobile": {
                    "unit": "px",
                    "top": "0",
                    "right": "0",
                    "bottom": "175",
                    "left": "0",
                    "isLinked": false
                },
                "_title": "Background",
                "__globals__": {
                    "background_color": "globals\/colors?id=a315964"
                }
            },
            "elements": [
                {
                    "id": "276d67b8",
                    "settings": {
                        "_column_size": 100,
                        "_inline_size": null
                    },
                    "elements": [
                        {
                            "id": "5f76ba34",
                            "settings": {
                                "space": {
                                    "unit": "px",
                                    "size": 67,
                                    "sizes": []
                                }
                            },
                            "elements": [],
                            "isInner": false,
                            "widgetType": "spacer",
                            "elType": "widget"
                        }
                    ],
                    "isInner": false,
                    "elType": "column"
                }
            ],
            "isInner": false,
            "elType": "section"
        },
        {
            "id": "4362fd4b",
            "settings": {
                "z_index": 1,
                "background_background": "classic",
                "_title": "Image 4",
                "margin": {
                    "unit": "px",
                    "top": "550",
                    "right": 0,
                    "bottom": "0",
                    "left": 0,
                    "isLinked": false
                },
                "margin_tablet": {
                    "unit": "px",
                    "top": "460",
                    "right": 0,
                    "bottom": "0",
                    "left": 0,
                    "isLinked": false
                },
                "margin_mobile": {
                    "unit": "px",
                    "top": "640",
                    "right": 0,
                    "bottom": "0",
                    "left": 0,
                    "isLinked": false
                }
            },
            "elements": [
                {
                    "id": "4bc11280",
                    "settings": {
                        "_column_size": 100,
                        "_inline_size": null
                    },
                    "elements": [
                        {
                            "id": "16f65b79",
                            "settings": {
                                "image": {
                                    "url": "https:\/\/templatekit.hellokuro.com\/nikicivi\/wp-content\/uploads\/2021\/04\/portfolio-blog-nikicivi-15.jpg",
                                    "id": 1516
                                },
                                "image_size": "full",
                                "align_mobile": "center",
                                "width": {
                                    "unit": "%",
                                    "size": 41,
                                    "sizes": []
                                },
                                "width_mobile": {
                                    "unit": "%",
                                    "size": 97,
                                    "sizes": []
                                },
                                "image_border_border": "solid",
                                "image_border_width": {
                                    "unit": "px",
                                    "top": "25",
                                    "right": "25",
                                    "bottom": "25",
                                    "left": "25",
                                    "isLinked": true
                                },
                                "image_border_width_mobile": {
                                    "unit": "px",
                                    "top": "14",
                                    "right": "14",
                                    "bottom": "14",
                                    "left": "14",
                                    "isLinked": true
                                },
                                "image_box_shadow_box_shadow_type": "yes",
                                "image_box_shadow_box_shadow": {
                                    "horizontal": 0,
                                    "vertical": 0,
                                    "blur": 28,
                                    "spread": -6,
                                    "color": "rgba(0,0,0,0.5)"
                                },
                                "_animation": "fadeIn",
                                "align": "left",
                                "__globals__": {
                                    "image_border_color": "globals\/colors?id=937ce6e"
                                }
                            },
                            "elements": [],
                            "isInner": false,
                            "widgetType": "image",
                            "elType": "widget"
                        }
                    ],
                    "isInner": false,
                    "elType": "column"
                }
            ],
            "isInner": false,
            "elType": "section"
        },
        {
            "id": "30c6bb9c",
            "settings": {
                "structure": "30",
                "background_background": "classic",
                "margin": {
                    "unit": "px",
                    "top": "-230",
                    "right": 0,
                    "bottom": "0",
                    "left": 0,
                    "isLinked": false
                },
                "margin_tablet": {
                    "unit": "px",
                    "top": "-157",
                    "right": 0,
                    "bottom": "0",
                    "left": 0,
                    "isLinked": false
                },
                "margin_mobile": {
                    "unit": "px",
                    "top": "-131",
                    "right": 0,
                    "bottom": "0",
                    "left": 0,
                    "isLinked": false
                },
                "_title": "Caption 4",
                "z_index": 1
            },
            "elements": [
                {
                    "id": "791d76d7",
                    "settings": {
                        "_column_size": 33,
                        "_inline_size": 43,
                        "padding": {
                            "unit": "px",
                            "top": "0",
                            "right": "15",
                            "bottom": "0",
                            "left": "155",
                            "isLinked": false
                        },
                        "padding_mobile": {
                            "unit": "px",
                            "top": "0",
                            "right": "15",
                            "bottom": "0",
                            "left": "25",
                            "isLinked": false
                        },
                        "_title": "Empty"
                    },
                    "elements": [
                        {
                            "id": "728322e2",
                            "settings": {
                                "space": {
                                    "unit": "px",
                                    "size": 300,
                                    "sizes": []
                                },
                                "space_tablet": {
                                    "unit": "px",
                                    "size": 224,
                                    "sizes": []
                                },
                                "space_mobile": {
                                    "unit": "px",
                                    "size": 140,
                                    "sizes": []
                                }
                            },
                            "elements": [],
                            "isInner": false,
                            "widgetType": "spacer",
                            "elType": "widget"
                        },
                        {
                            "id": "b9f4821",
                            "settings": {
                                "space": {
                                    "unit": "px",
                                    "size": 65,
                                    "sizes": []
                                },
                                "space_mobile": {
                                    "unit": "px",
                                    "size": 10,
                                    "sizes": []
                                }
                            },
                            "elements": [],
                            "isInner": false,
                            "widgetType": "spacer",
                            "elType": "widget"
                        }
                    ],
                    "isInner": false,
                    "elType": "column"
                },
                {
                    "id": "7eedc666",
                    "settings": {
                        "_column_size": 33,
                        "_inline_size": 7.333,
                        "background_background": "classic",
                        "margin": {
                            "unit": "px",
                            "top": "0",
                            "right": "0",
                            "bottom": "0",
                            "left": "27",
                            "isLinked": false
                        },
                        "hide_mobile": "hidden-phone",
                        "padding_mobile": {
                            "unit": "px",
                            "top": "0",
                            "right": "15",
                            "bottom": "0",
                            "left": "15",
                            "isLinked": false
                        },
                        "_title": "Line"
                    },
                    "elements": [
                        {
                            "id": "494ee8b5",
                            "settings": {
                                "space": {
                                    "unit": "px",
                                    "size": 69,
                                    "sizes": []
                                },
                                "space_tablet": {
                                    "unit": "px",
                                    "size": 35,
                                    "sizes": []
                                },
                                "space_mobile": {
                                    "unit": "px",
                                    "size": 10,
                                    "sizes": []
                                }
                            },
                            "elements": [],
                            "isInner": false,
                            "widgetType": "spacer",
                            "elType": "widget"
                        },
                        {
                            "id": "6c88f5ee",
                            "settings": {
                                "space": {
                                    "unit": "px",
                                    "size": 174,
                                    "sizes": []
                                },
                                "space_mobile": {
                                    "unit": "px",
                                    "size": 10,
                                    "sizes": []
                                },
                                "_background_background": "classic",
                                "_element_width": "initial",
                                "_element_custom_width": {
                                    "unit": "px",
                                    "size": 2,
                                    "sizes": []
                                },
                                "_animation": "fadeInUp",
                                "space_tablet": {
                                    "unit": "px",
                                    "size": 146,
                                    "sizes": []
                                },
                                "__globals__": {
                                    "_background_color": "globals\/colors?id=accent"
                                }
                            },
                            "elements": [],
                            "isInner": false,
                            "widgetType": "spacer",
                            "elType": "widget"
                        },
                        {
                            "id": "4abe9941",
                            "settings": {
                                "space": {
                                    "unit": "px",
                                    "size": 22,
                                    "sizes": []
                                },
                                "space_mobile": {
                                    "unit": "px",
                                    "size": 10,
                                    "sizes": []
                                }
                            },
                            "elements": [],
                            "isInner": false,
                            "widgetType": "spacer",
                            "elType": "widget"
                        }
                    ],
                    "isInner": false,
                    "elType": "column"
                },
                {
                    "id": "62d3f1d3",
                    "settings": {
                        "_column_size": 33,
                        "_inline_size": 49,
                        "padding": {
                            "unit": "px",
                            "top": "0",
                            "right": "15",
                            "bottom": "0",
                            "left": "15",
                            "isLinked": false
                        },
                        "padding_mobile": {
                            "unit": "px",
                            "top": "0",
                            "right": "15",
                            "bottom": "0",
                            "left": "25",
                            "isLinked": false
                        },
                        "_title": "Caption"
                    },
                    "elements": [
                        {
                            "id": "7249dcda",
                            "settings": {
                                "space": {
                                    "unit": "px",
                                    "size": 71,
                                    "sizes": []
                                },
                                "space_tablet": {
                                    "unit": "px",
                                    "size": 50,
                                    "sizes": []
                                },
                                "space_mobile": {
                                    "unit": "px",
                                    "size": 10,
                                    "sizes": []
                                }
                            },
                            "elements": [],
                            "isInner": false,
                            "widgetType": "spacer",
                            "elType": "widget"
                        },
                        {
                            "id": "73f428f7",
                            "settings": {
                                "title": "Custom\nIllustration",
                                "_margin": {
                                    "unit": "px",
                                    "top": "0",
                                    "right": "0",
                                    "bottom": "0",
                                    "left": "0",
                                    "isLinked": false
                                },
                                "_padding": {
                                    "unit": "px",
                                    "top": "0",
                                    "right": "0",
                                    "bottom": "0",
                                    "left": "0",
                                    "isLinked": false
                                },
                                "_animation": "fadeInLeft",
                                "__globals__": {
                                    "typography_typography": "globals\/typography?id=379805f",
                                    "title_color": "globals\/colors?id=primary"
                                }
                            },
                            "elements": [],
                            "isInner": false,
                            "widgetType": "heading",
                            "elType": "widget"
                        },
                        {
                            "id": "392ea242",
                            "settings": {
                                "space": {
                                    "unit": "px",
                                    "size": 10,
                                    "sizes": []
                                },
                                "space_tablet": {
                                    "unit": "px",
                                    "size": 10,
                                    "sizes": []
                                },
                                "space_mobile": {
                                    "unit": "px",
                                    "size": 16,
                                    "sizes": []
                                }
                            },
                            "elements": [],
                            "isInner": false,
                            "widgetType": "spacer",
                            "elType": "widget"
                        },
                        {
                            "id": "36e38b80",
                            "settings": {
                                "editor": "<p>Lorem ipsum dolor sit amet, consectetur adipiscing elit, sed do eiusmod tempor incididunt ut labore et dolore magna aliqua.<\/p>",
                                "align_mobile": "left",
                                "_animation": "fadeInUp",
                                "__globals__": {
                                    "text_color": "globals\/colors?id=text",
                                    "typography_typography": "globals\/typography?id=text"
                                }
                            },
                            "elements": [],
                            "isInner": false,
                            "widgetType": "text-editor",
                            "elType": "widget"
                        },
                        {
                            "id": "4404be2b",
                            "settings": {
                                "space": {
                                    "unit": "px",
                                    "size": 84,
                                    "sizes": []
                                },
                                "space_tablet": {
                                    "unit": "px",
                                    "size": 30,
                                    "sizes": []
                                },
                                "space_mobile": {
                                    "unit": "px",
                                    "size": 77,
                                    "sizes": []
                                }
                            },
                            "elements": [],
                            "isInner": false,
                            "widgetType": "spacer",
                            "elType": "widget"
                        }
                    ],
                    "isInner": false,
                    "elType": "column"
                }
            ],
            "isInner": false,
            "elType": "section"
        },
        {
            "id": "4c95f387",
            "settings": {
                "background_background": "classic",
                "margin": {
                    "unit": "px",
                    "top": "-646",
                    "right": 0,
                    "bottom": "0",
                    "left": 0,
                    "isLinked": false
                },
                "margin_tablet": {
                    "unit": "px",
                    "top": "-514",
                    "right": 0,
                    "bottom": "0",
                    "left": 0,
                    "isLinked": false
                },
                "margin_mobile": {
                    "unit": "px",
                    "top": "-784",
                    "right": 0,
                    "bottom": "0",
                    "left": 0,
                    "isLinked": false
                },
                "padding": {
                    "unit": "px",
                    "top": "0",
                    "right": "0",
                    "bottom": "160",
                    "left": "0",
                    "isLinked": false
                },
                "padding_tablet": {
                    "unit": "px",
                    "top": "0",
                    "right": "0",
                    "bottom": "87",
                    "left": "0",
                    "isLinked": false
                },
                "padding_mobile": {
                    "unit": "px",
                    "top": "0",
                    "right": "0",
                    "bottom": "175",
                    "left": "0",
                    "isLinked": false
                },
                "_title": "Background",
                "__globals__": {
                    "background_color": "globals\/colors?id=a315964"
                }
            },
            "elements": [
                {
                    "id": "3422e8dc",
                    "settings": {
                        "_column_size": 100,
                        "_inline_size": null
                    },
                    "elements": [
                        {
                            "id": "369d26b9",
                            "settings": {
                                "space": {
                                    "unit": "px",
                                    "size": 67,
                                    "sizes": []
                                }
                            },
                            "elements": [],
                            "isInner": false,
                            "widgetType": "spacer",
                            "elType": "widget"
                        }
                    ],
                    "isInner": false,
                    "elType": "column"
                }
            ],
            "isInner": false,
            "elType": "section"
        },
        {
            "id": "1680c811",
            "settings": [],
            "elements": [
                {
                    "id": "3b430984",
                    "settings": {
                        "_column_size": 100,
                        "_inline_size": null
                    },
                    "elements": [
                        {
                            "id": "aa3aba8",
                            "settings": {
                                "space": {
                                    "unit": "px",
                                    "size": 393,
                                    "sizes": []
                                },
                                "space_tablet": {
                                    "unit": "px",
                                    "size": 343,
                                    "sizes": []
                                },
                                "space_mobile": {
                                    "unit": "px",
                                    "size": 474,
                                    "sizes": []
                                }
                            },
                            "elements": [],
                            "isInner": false,
                            "widgetType": "spacer",
                            "elType": "widget"
                        }
                    ],
                    "isInner": false,
                    "elType": "column"
                }
            ],
            "isInner": false,
            "elType": "section"
        },
        {
            "id": "7e35a8b",
            "settings": {
                "background_background": "classic",
                "padding": {
                    "unit": "px",
                    "top": "150",
                    "right": "0",
                    "bottom": "200",
                    "left": "0",
                    "isLinked": false
                },
                "_title": "Button - View My Artworks",
                "__globals__": {
                    "background_color": "globals\/colors?id=a315964"
                },
                "padding_tablet": {
                    "unit": "px",
                    "top": "80",
                    "right": "0",
                    "bottom": "80",
                    "left": "0",
                    "isLinked": false
                },
                "padding_mobile": {
                    "unit": "px",
                    "top": "100",
                    "right": "0",
                    "bottom": "130",
                    "left": "0",
                    "isLinked": false
                }
            },
            "elements": [
                {
                    "id": "246a31c8",
                    "settings": {
                        "_column_size": 100,
                        "_inline_size": null
                    },
                    "elements": [
                        {
                            "id": "3e456d45",
                            "settings": {
                                "text": "View My Artworks",
                                "align": "center",
                                "_animation": "fadeInUp"
                            },
                            "elements": [],
                            "isInner": false,
                            "widgetType": "button",
                            "elType": "widget"
                        }
                    ],
                    "isInner": false,
                    "elType": "column"
                }
            ],
            "isInner": false,
            "elType": "section"
        }
    ]
}