{
    "version": "0.4",
    "title": "Testimoni | Black &#8211; Nikicivi Kit &#8211; 1",
    "type": "section",
    "metadata": {
        "template_type": "section-testimonial",
        "include_in_zip": "1",
        "elementor_pro_required": null,
        "wp_page_template": "default"
    },
    "content": [
        {
            "id": "4e572be",
            "settings": {
                "structure": "20",
                "background_background": "classic",
                "background_overlay_background": "classic",
                "background_overlay_image": {
                    "url": "https:\/\/templatekit.hellokuro.com\/nikicivi\/wp-content\/uploads\/2021\/03\/background-n.png",
                    "id": 162
                },
                "background_overlay_position": "initial",
                "background_overlay_xpos": {
                    "unit": "px",
                    "size": -197,
                    "sizes": []
                },
                "background_overlay_ypos": {
                    "unit": "px",
                    "size": 143,
                    "sizes": []
                },
                "background_overlay_repeat": "no-repeat",
                "background_overlay_size": "cover",
                "background_overlay_opacity": {
                    "unit": "px",
                    "size": 0.39,
                    "sizes": []
                },
                "_title": "Testimoni | Black - Nikicivi - 1",
                "__globals__": {
                    "background_color": "globals\/colors?id=primary"
                }
            },
            "elements": [
                {
                    "id": "24889d12",
                    "settings": {
                        "_column_size": 50,
                        "_inline_size": null,
                        "background_background": "classic",
                        "background_position": "top center",
                        "background_repeat": "no-repeat",
                        "background_size": "initial",
                        "background_bg_width": {
                            "unit": "%",
                            "size": 59,
                            "sizes": []
                        },
                        "background_overlay_background": "classic",
                        "background_overlay_repeat": "no-repeat",
                        "background_overlay_size": "cover",
                        "background_overlay_opacity": {
                            "unit": "px",
                            "size": 1,
                            "sizes": []
                        },
                        "_title": "What They Said"
                    },
                    "elements": [
                        {
                            "id": "7dc6f92f",
                            "settings": {
                                "space": {
                                    "unit": "px",
                                    "size": 115,
                                    "sizes": []
                                }
                            },
                            "elements": [],
                            "isInner": false,
                            "widgetType": "spacer",
                            "elType": "widget"
                        },
                        {
                            "id": "7f37ccf5",
                            "settings": {
                                "title": "W",
                                "header_size": "h1",
                                "_margin": {
                                    "unit": "px",
                                    "top": "-13",
                                    "right": "0",
                                    "bottom": "0",
                                    "left": "-10",
                                    "isLinked": false
                                },
                                "_animation": "fadeInLeft",
                                "__globals__": {
                                    "title_color": "globals\/colors?id=accent",
                                    "typography_typography": "globals\/typography?id=7b37102"
                                },
                                "_title": "W",
                                "_margin_mobile": {
                                    "unit": "px",
                                    "top": "8",
                                    "right": "0",
                                    "bottom": "0",
                                    "left": "0",
                                    "isLinked": false
                                },
                                "_margin_tablet": {
                                    "unit": "px",
                                    "top": "8",
                                    "right": "0",
                                    "bottom": "0",
                                    "left": "0",
                                    "isLinked": false
                                },
                                "_z_index": 1
                            },
                            "elements": [],
                            "isInner": false,
                            "widgetType": "heading",
                            "elType": "widget"
                        },
                        {
                            "id": "396b35e6",
                            "settings": {
                                "title": "hat\nThey\nSaid",
                                "header_size": "h1",
                                "_margin": {
                                    "unit": "px",
                                    "top": "-141",
                                    "right": "0",
                                    "bottom": "0",
                                    "left": "118",
                                    "isLinked": false
                                },
                                "_padding": {
                                    "unit": "px",
                                    "top": "0",
                                    "right": "215",
                                    "bottom": "0",
                                    "left": "0",
                                    "isLinked": false
                                },
                                "_animation": "fadeInDown",
                                "__globals__": {
                                    "title_color": "globals\/colors?id=871509a",
                                    "typography_typography": "globals\/typography?id=e03b9c3"
                                },
                                "_title": "They Said",
                                "_margin_mobile": {
                                    "unit": "px",
                                    "top": "-70",
                                    "right": "0",
                                    "bottom": "0",
                                    "left": "63",
                                    "isLinked": false
                                },
                                "_margin_tablet": {
                                    "unit": "px",
                                    "top": "-70",
                                    "right": "0",
                                    "bottom": "0",
                                    "left": "60",
                                    "isLinked": false
                                },
                                "_z_index": 1
                            },
                            "elements": [],
                            "isInner": false,
                            "widgetType": "heading",
                            "elType": "widget"
                        },
                        {
                            "id": "40649e64",
                            "settings": {
                                "image": {
                                    "url": "https:\/\/templatekit.hellokuro.com\/nikicivi\/wp-content\/uploads\/2021\/03\/what-they-said-nikicivi-photo.jpg",
                                    "id": 3115
                                },
                                "image_size": "full",
                                "align": "center",
                                "width": {
                                    "unit": "%",
                                    "size": 58,
                                    "sizes": []
                                },
                                "width_tablet": {
                                    "unit": "%",
                                    "size": 69,
                                    "sizes": []
                                },
                                "_animation": "fadeIn",
                                "_animation_delay": 200,
                                "_margin": {
                                    "unit": "px",
                                    "top": "-222",
                                    "right": "0",
                                    "bottom": "0",
                                    "left": "0",
                                    "isLinked": false
                                },
                                "_margin_tablet": {
                                    "unit": "px",
                                    "top": "-169",
                                    "right": "0",
                                    "bottom": "0",
                                    "left": "0",
                                    "isLinked": false
                                },
                                "_margin_mobile": {
                                    "unit": "px",
                                    "top": "-169",
                                    "right": "0",
                                    "bottom": "0",
                                    "left": "0",
                                    "isLinked": false
                                }
                            },
                            "elements": [],
                            "isInner": false,
                            "widgetType": "image",
                            "elType": "widget"
                        },
                        {
                            "id": "3cd22335",
                            "settings": {
                                "image": {
                                    "url": "https:\/\/templatekit.hellokuro.com\/nikicivi\/wp-content\/uploads\/2021\/03\/frame-what-they-said-1.png",
                                    "id": 323
                                },
                                "image_size": "full",
                                "_element_width_tablet": "initial",
                                "_element_width_mobile": "initial",
                                "_element_custom_width": {
                                    "unit": "px",
                                    "size": 482,
                                    "sizes": []
                                },
                                "_element_custom_width_tablet": {
                                    "unit": "px",
                                    "size": 335,
                                    "sizes": []
                                },
                                "_element_custom_width_mobile": {
                                    "unit": "px",
                                    "size": 309,
                                    "sizes": []
                                },
                                "_offset_x": {
                                    "unit": "px",
                                    "size": 76,
                                    "sizes": []
                                },
                                "_offset_x_tablet": {
                                    "unit": "px",
                                    "size": 11,
                                    "sizes": []
                                },
                                "_offset_x_mobile": {
                                    "unit": "px",
                                    "size": -192,
                                    "sizes": []
                                },
                                "_offset_y": {
                                    "size": 526,
                                    "unit": "px"
                                },
                                "_offset_y_tablet": {
                                    "unit": "px",
                                    "size": 117,
                                    "sizes": []
                                },
                                "_offset_y_mobile": {
                                    "size": 144,
                                    "unit": "px"
                                },
                                "_offset_x_end": {
                                    "size": 178.4,
                                    "unit": "px"
                                },
                                "_offset_x_end_tablet": {
                                    "unit": "px",
                                    "size": 17.2,
                                    "sizes": []
                                },
                                "_offset_x_end_mobile": {
                                    "unit": "px",
                                    "size": 33,
                                    "sizes": []
                                },
                                "_animation": "fadeInLeft",
                                "_animation_delay": 500,
                                "width": {
                                    "unit": "%",
                                    "size": 30,
                                    "sizes": []
                                },
                                "_offset_orientation_v": "end",
                                "_offset_y_end": {
                                    "unit": "px",
                                    "size": 161,
                                    "sizes": []
                                },
                                "align": "left",
                                "align_tablet": "left",
                                "align_mobile": "left",
                                "_offset_y_end_tablet": {
                                    "unit": "px",
                                    "size": 313,
                                    "sizes": []
                                },
                                "_offset_y_end_mobile": {
                                    "unit": "px",
                                    "size": 65,
                                    "sizes": []
                                },
                                "_margin": {
                                    "unit": "px",
                                    "top": "-195",
                                    "right": "0",
                                    "bottom": "0",
                                    "left": "0",
                                    "isLinked": false
                                },
                                "_padding": {
                                    "unit": "px",
                                    "top": "0",
                                    "right": "0",
                                    "bottom": "0",
                                    "left": "67",
                                    "isLinked": false
                                },
                                "_title": "Rectangle - Outline - Top",
                                "width_mobile": {
                                    "unit": "%",
                                    "size": 31,
                                    "sizes": []
                                },
                                "_margin_mobile": {
                                    "unit": "px",
                                    "top": "-120",
                                    "right": "0",
                                    "bottom": "0",
                                    "left": "-55",
                                    "isLinked": false
                                },
                                "_margin_tablet": {
                                    "unit": "px",
                                    "top": "-125",
                                    "right": "0",
                                    "bottom": "0",
                                    "left": "-50",
                                    "isLinked": false
                                }
                            },
                            "elements": [],
                            "isInner": false,
                            "widgetType": "image",
                            "elType": "widget"
                        },
                        {
                            "id": "48feffcf",
                            "settings": {
                                "image": {
                                    "url": "https:\/\/templatekit.hellokuro.com\/nikicivi\/wp-content\/uploads\/2021\/03\/frame-what-they-said-1.png",
                                    "id": 323
                                },
                                "image_size": "full",
                                "_element_width_tablet": "initial",
                                "_element_width_mobile": "initial",
                                "_element_custom_width": {
                                    "unit": "px",
                                    "size": 482,
                                    "sizes": []
                                },
                                "_element_custom_width_tablet": {
                                    "unit": "px",
                                    "size": 335,
                                    "sizes": []
                                },
                                "_element_custom_width_mobile": {
                                    "unit": "px",
                                    "size": 309,
                                    "sizes": []
                                },
                                "_offset_x": {
                                    "unit": "px",
                                    "size": 76,
                                    "sizes": []
                                },
                                "_offset_x_tablet": {
                                    "unit": "px",
                                    "size": 11,
                                    "sizes": []
                                },
                                "_offset_x_mobile": {
                                    "unit": "px",
                                    "size": -192,
                                    "sizes": []
                                },
                                "_offset_y": {
                                    "size": 526,
                                    "unit": "px"
                                },
                                "_offset_y_tablet": {
                                    "unit": "px",
                                    "size": 117,
                                    "sizes": []
                                },
                                "_offset_y_mobile": {
                                    "size": 144,
                                    "unit": "px"
                                },
                                "_offset_x_end": {
                                    "size": 178.4,
                                    "unit": "px"
                                },
                                "_offset_x_end_tablet": {
                                    "unit": "px",
                                    "size": 17.2,
                                    "sizes": []
                                },
                                "_offset_x_end_mobile": {
                                    "unit": "px",
                                    "size": 33,
                                    "sizes": []
                                },
                                "_animation": "fadeInUp",
                                "_animation_delay": 500,
                                "width": {
                                    "unit": "%",
                                    "size": 36,
                                    "sizes": []
                                },
                                "_offset_orientation_v": "end",
                                "_offset_y_end": {
                                    "unit": "px",
                                    "size": 161,
                                    "sizes": []
                                },
                                "align": "left",
                                "align_tablet": "left",
                                "align_mobile": "left",
                                "_offset_y_end_tablet": {
                                    "unit": "px",
                                    "size": 313,
                                    "sizes": []
                                },
                                "_offset_y_end_mobile": {
                                    "unit": "px",
                                    "size": 65,
                                    "sizes": []
                                },
                                "_margin": {
                                    "unit": "px",
                                    "top": "-116",
                                    "right": "0",
                                    "bottom": "0",
                                    "left": "0",
                                    "isLinked": false
                                },
                                "_padding": {
                                    "unit": "px",
                                    "top": "0",
                                    "right": "0",
                                    "bottom": "0",
                                    "left": "147",
                                    "isLinked": false
                                },
                                "_title": "Rectangle - Outline - Bottom",
                                "width_mobile": {
                                    "unit": "%",
                                    "size": 38,
                                    "sizes": []
                                },
                                "_margin_mobile": {
                                    "unit": "px",
                                    "top": "-78",
                                    "right": "0",
                                    "bottom": "0",
                                    "left": "-78",
                                    "isLinked": false
                                },
                                "_margin_tablet": {
                                    "unit": "px",
                                    "top": "-83",
                                    "right": "0",
                                    "bottom": "0",
                                    "left": "-79",
                                    "isLinked": false
                                }
                            },
                            "elements": [],
                            "isInner": false,
                            "widgetType": "image",
                            "elType": "widget"
                        },
                        {
                            "id": "6578bcc8",
                            "settings": {
                                "image": {
                                    "url": "https:\/\/templatekit.hellokuro.com\/nikicivi\/wp-content\/uploads\/2021\/03\/yellow-mini-box.png",
                                    "id": 326
                                },
                                "image_size": "full",
                                "_element_width_tablet": "initial",
                                "_element_width_mobile": "initial",
                                "_element_custom_width": {
                                    "unit": "px",
                                    "size": 482,
                                    "sizes": []
                                },
                                "_element_custom_width_tablet": {
                                    "unit": "px",
                                    "size": 335,
                                    "sizes": []
                                },
                                "_element_custom_width_mobile": {
                                    "unit": "px",
                                    "size": 309,
                                    "sizes": []
                                },
                                "_offset_x": {
                                    "unit": "px",
                                    "size": -1,
                                    "sizes": []
                                },
                                "_offset_x_tablet": {
                                    "unit": "px",
                                    "size": 89,
                                    "sizes": []
                                },
                                "_offset_x_mobile": {
                                    "unit": "px",
                                    "size": -159,
                                    "sizes": []
                                },
                                "_offset_y": {
                                    "size": 526,
                                    "unit": "px"
                                },
                                "_offset_y_tablet": {
                                    "unit": "px",
                                    "size": 117,
                                    "sizes": []
                                },
                                "_offset_y_mobile": {
                                    "size": 144,
                                    "unit": "px"
                                },
                                "_offset_x_end": {
                                    "size": 178.4,
                                    "unit": "px"
                                },
                                "_offset_x_end_tablet": {
                                    "unit": "px",
                                    "size": 17.2,
                                    "sizes": []
                                },
                                "_offset_x_end_mobile": {
                                    "unit": "px",
                                    "size": 33,
                                    "sizes": []
                                },
                                "_animation": "fadeInDown",
                                "_animation_delay": 500,
                                "width": {
                                    "unit": "%",
                                    "size": 11,
                                    "sizes": []
                                },
                                "height": {
                                    "unit": "px",
                                    "size": 59,
                                    "sizes": []
                                },
                                "_offset_orientation_v": "end",
                                "_offset_y_end": {
                                    "unit": "px",
                                    "size": 206,
                                    "sizes": []
                                },
                                "align_tablet": "center",
                                "align_mobile": "center",
                                "width_tablet": {
                                    "unit": "%",
                                    "size": 11,
                                    "sizes": []
                                },
                                "height_tablet": {
                                    "unit": "px",
                                    "size": 43,
                                    "sizes": []
                                },
                                "_offset_y_end_tablet": {
                                    "unit": "px",
                                    "size": 349,
                                    "sizes": []
                                },
                                "_offset_y_end_mobile": {
                                    "unit": "px",
                                    "size": 94,
                                    "sizes": []
                                },
                                "_margin": {
                                    "unit": "px",
                                    "top": "-231",
                                    "right": "0",
                                    "bottom": "0",
                                    "left": "-92",
                                    "isLinked": false
                                },
                                "_title": "Rectangle - Fill",
                                "_margin_mobile": {
                                    "unit": "px",
                                    "top": "-153",
                                    "right": "0",
                                    "bottom": "0",
                                    "left": "-95",
                                    "isLinked": false
                                },
                                "_margin_tablet": {
                                    "unit": "px",
                                    "top": "-158",
                                    "right": "0",
                                    "bottom": "0",
                                    "left": "-100",
                                    "isLinked": false
                                }
                            },
                            "elements": [],
                            "isInner": false,
                            "widgetType": "image",
                            "elType": "widget"
                        },
                        {
                            "id": "277dc040",
                            "settings": {
                                "space": {
                                    "unit": "px",
                                    "size": 115,
                                    "sizes": []
                                },
                                "space_mobile": {
                                    "unit": "px",
                                    "size": 10,
                                    "sizes": []
                                }
                            },
                            "elements": [],
                            "isInner": false,
                            "widgetType": "spacer",
                            "elType": "widget"
                        }
                    ],
                    "isInner": false,
                    "elType": "column"
                },
                {
                    "id": "776e36ec",
                    "settings": {
                        "_column_size": 50,
                        "_inline_size": null,
                        "background_background": "classic",
                        "padding_tablet": {
                            "unit": "px",
                            "top": "0",
                            "right": "34",
                            "bottom": "0",
                            "left": "6",
                            "isLinked": false
                        },
                        "_title": "Testimoni"
                    },
                    "elements": [
                        {
                            "id": "48301696",
                            "settings": {
                                "space": {
                                    "unit": "px",
                                    "size": 115,
                                    "sizes": []
                                },
                                "space_mobile": {
                                    "unit": "px",
                                    "size": 10,
                                    "sizes": []
                                }
                            },
                            "elements": [],
                            "isInner": false,
                            "widgetType": "spacer",
                            "elType": "widget"
                        },
                        {
                            "id": "794d0d23",
                            "settings": {
                                "structure": "20",
                                "_title": "Testimoni 1"
                            },
                            "elements": [
                                {
                                    "id": "67ec5535",
                                    "settings": {
                                        "_column_size": 50,
                                        "_inline_size": 90,
                                        "_title": "Star + Testimoni"
                                    },
                                    "elements": [
                                        {
                                            "id": "2b89cf8f",
                                            "settings": {
                                                "blockquote_skin": "quotation",
                                                "blockquote_content": "Lorem ipsum dolor sit amet, consectetur adipiscing elit. Ut elit tellus, luctus nec ullamcorper mattis, pulvinar dapibus leo.Lorem ipsum dolor sit amet consectetur adipiscing elit dolor",
                                                "author_name": "",
                                                "tweet_button": "",
                                                "tweet_button_label": "Tweet",
                                                "content_gap": {
                                                    "unit": "px",
                                                    "size": 32,
                                                    "sizes": []
                                                },
                                                "alignment": "right",
                                                "_animation": "fadeIn",
                                                "_title": "Blockquote",
                                                "__globals__": {
                                                    "content_text_color": "globals\/colors?id=text",
                                                    "content_typography_typography": "globals\/typography?id=text",
                                                    "quote_text_color": "globals\/colors?id=accent"
                                                }
                                            },
                                            "elements": [],
                                            "isInner": false,
                                            "widgetType": "blockquote",
                                            "elType": "widget"
                                        },
                                        {
                                            "id": "43a81b37",
                                            "settings": {
                                                "icon_space": {
                                                    "unit": "px",
                                                    "size": 9,
                                                    "sizes": []
                                                },
                                                "_offset_x": {
                                                    "unit": "px",
                                                    "size": 0,
                                                    "sizes": []
                                                },
                                                "_offset_y": {
                                                    "unit": "px",
                                                    "size": 170,
                                                    "sizes": []
                                                },
                                                "align": "right",
                                                "_offset_y_mobile": {
                                                    "unit": "px",
                                                    "size": 67,
                                                    "sizes": []
                                                },
                                                "_animation": "fadeInDown",
                                                "_margin": {
                                                    "unit": "px",
                                                    "top": "-186",
                                                    "right": "0",
                                                    "bottom": "0",
                                                    "left": "0",
                                                    "isLinked": false
                                                },
                                                "_margin_mobile": {
                                                    "unit": "px",
                                                    "top": "-199",
                                                    "right": "0",
                                                    "bottom": "0",
                                                    "left": "0",
                                                    "isLinked": false
                                                },
                                                "_margin_tablet": {
                                                    "unit": "px",
                                                    "top": "-228",
                                                    "right": "0",
                                                    "bottom": "0",
                                                    "left": "0",
                                                    "isLinked": false
                                                }
                                            },
                                            "elements": [],
                                            "isInner": false,
                                            "widgetType": "star-rating",
                                            "elType": "widget"
                                        }
                                    ],
                                    "isInner": true,
                                    "elType": "column"
                                },
                                {
                                    "id": "17641683",
                                    "settings": {
                                        "_column_size": 50,
                                        "_inline_size": 10,
                                        "_title": "Empty"
                                    },
                                    "elements": [],
                                    "isInner": true,
                                    "elType": "column"
                                }
                            ],
                            "isInner": true,
                            "elType": "section"
                        },
                        {
                            "id": "c01c342",
                            "settings": {
                                "structure": "30",
                                "margin": {
                                    "unit": "px",
                                    "top": "-31",
                                    "right": 0,
                                    "bottom": "0",
                                    "left": 0,
                                    "isLinked": false
                                },
                                "_title": "Name + Image 1"
                            },
                            "elements": [
                                {
                                    "id": "6f354854",
                                    "settings": {
                                        "_column_size": 33,
                                        "_inline_size": 70,
                                        "_title": "Name",
                                        "_inline_size_tablet": 59,
                                        "_inline_size_mobile": 58
                                    },
                                    "elements": [
                                        {
                                            "id": "31e16865",
                                            "settings": {
                                                "title": "Amber Kitlon",
                                                "header_size": "h5",
                                                "align": "right",
                                                "_animation": "fadeInDown",
                                                "__globals__": {
                                                    "typography_typography": "globals\/typography?id=primary",
                                                    "title_color": "globals\/colors?id=accent"
                                                },
                                                "_margin": {
                                                    "unit": "px",
                                                    "top": "7",
                                                    "right": "0",
                                                    "bottom": "0",
                                                    "left": "0",
                                                    "isLinked": false
                                                },
                                                "_margin_mobile": {
                                                    "unit": "px",
                                                    "top": "14",
                                                    "right": "0",
                                                    "bottom": "0",
                                                    "left": "0",
                                                    "isLinked": false
                                                },
                                                "_title": "Heading"
                                            },
                                            "elements": [],
                                            "isInner": false,
                                            "widgetType": "heading",
                                            "elType": "widget"
                                        },
                                        {
                                            "id": "503aff21",
                                            "settings": {
                                                "title": "CEO",
                                                "header_size": "h5",
                                                "align": "right",
                                                "_animation": "fadeInDown",
                                                "__globals__": {
                                                    "typography_typography": "globals\/typography?id=primary",
                                                    "title_color": "globals\/colors?id=68b3a46"
                                                },
                                                "_margin": {
                                                    "unit": "px",
                                                    "top": "-12",
                                                    "right": "0",
                                                    "bottom": "0",
                                                    "left": "0",
                                                    "isLinked": false
                                                }
                                            },
                                            "elements": [],
                                            "isInner": false,
                                            "widgetType": "heading",
                                            "elType": "widget"
                                        },
                                        {
                                            "id": "6a2a9195",
                                            "settings": {
                                                "social_icon_list": [
                                                    {
                                                        "social_icon": {
                                                            "value": "fab fa-facebook",
                                                            "library": "fa-brands"
                                                        },
                                                        "_id": "70a754f"
                                                    },
                                                    {
                                                        "social_icon": {
                                                            "value": "fab fa-instagram",
                                                            "library": "fa-brands"
                                                        },
                                                        "_id": "4ffd620",
                                                        "item_icon_color": "custom",
                                                        "item_icon_primary_color": "#ED145B"
                                                    },
                                                    {
                                                        "social_icon": {
                                                            "value": "fab fa-twitter",
                                                            "library": "fa-brands"
                                                        },
                                                        "_id": "bfbcd17"
                                                    },
                                                    {
                                                        "social_icon": {
                                                            "value": "fab fa-youtube",
                                                            "library": "fa-brands"
                                                        },
                                                        "_id": "e4d093b"
                                                    }
                                                ],
                                                "shape": "circle",
                                                "align": "right",
                                                "icon_size": {
                                                    "unit": "px",
                                                    "size": 13,
                                                    "sizes": []
                                                },
                                                "icon_size_tablet": {
                                                    "unit": "px",
                                                    "size": 10,
                                                    "sizes": []
                                                },
                                                "hover_animation": "shrink",
                                                "_offset_x": {
                                                    "unit": "px",
                                                    "size": -100,
                                                    "sizes": []
                                                },
                                                "_offset_x_tablet": {
                                                    "unit": "px",
                                                    "size": -81,
                                                    "sizes": []
                                                },
                                                "_offset_y": {
                                                    "unit": "px",
                                                    "size": 354,
                                                    "sizes": []
                                                },
                                                "_offset_y_tablet": {
                                                    "unit": "px",
                                                    "size": 354,
                                                    "sizes": []
                                                },
                                                "_offset_y_mobile": {
                                                    "unit": "px",
                                                    "size": 251,
                                                    "sizes": []
                                                },
                                                "_animation": "fadeInUp",
                                                "_margin": {
                                                    "unit": "px",
                                                    "top": "-11",
                                                    "right": "0",
                                                    "bottom": "0",
                                                    "left": "0",
                                                    "isLinked": false
                                                }
                                            },
                                            "elements": [],
                                            "isInner": false,
                                            "widgetType": "social-icons",
                                            "elType": "widget"
                                        }
                                    ],
                                    "isInner": true,
                                    "elType": "column"
                                },
                                {
                                    "id": "6d50e194",
                                    "settings": {
                                        "_column_size": 33,
                                        "_inline_size": 21.33,
                                        "_title": "Image",
                                        "_inline_size_tablet": 31,
                                        "_inline_size_mobile": 42
                                    },
                                    "elements": [
                                        {
                                            "id": "7e57a92f",
                                            "settings": {
                                                "image": {
                                                    "url": "https:\/\/templatekit.hellokuro.com\/nikicivi\/wp-content\/uploads\/2021\/03\/what-they-said-photo-client-nikicivi-1.jpg",
                                                    "id": 3119
                                                },
                                                "image_size": "full",
                                                "align": "right",
                                                "width": {
                                                    "unit": "%",
                                                    "size": 94,
                                                    "sizes": []
                                                },
                                                "width_tablet": {
                                                    "unit": "%",
                                                    "size": 100,
                                                    "sizes": []
                                                },
                                                "image_border_radius": {
                                                    "unit": "px",
                                                    "top": "145",
                                                    "right": "145",
                                                    "bottom": "145",
                                                    "left": "145",
                                                    "isLinked": true
                                                },
                                                "_animation": "fadeIn",
                                                "align_mobile": "center",
                                                "width_mobile": {
                                                    "unit": "%",
                                                    "size": 80,
                                                    "sizes": []
                                                }
                                            },
                                            "elements": [],
                                            "isInner": false,
                                            "widgetType": "image",
                                            "elType": "widget"
                                        }
                                    ],
                                    "isInner": true,
                                    "elType": "column"
                                },
                                {
                                    "id": "4303a72a",
                                    "settings": {
                                        "_column_size": 33,
                                        "_inline_size": 8,
                                        "_title": "Empty"
                                    },
                                    "elements": [],
                                    "isInner": true,
                                    "elType": "column"
                                }
                            ],
                            "isInner": true,
                            "elType": "section"
                        },
                        {
                            "id": "7d43b331",
                            "settings": {
                                "space": {
                                    "unit": "px",
                                    "size": 13,
                                    "sizes": []
                                },
                                "space_mobile": {
                                    "unit": "px",
                                    "size": 10,
                                    "sizes": []
                                }
                            },
                            "elements": [],
                            "isInner": false,
                            "widgetType": "spacer",
                            "elType": "widget"
                        },
                        {
                            "id": "6d2459f7",
                            "settings": {
                                "structure": "20",
                                "_title": "Testimoni 2"
                            },
                            "elements": [
                                {
                                    "id": "3759f891",
                                    "settings": {
                                        "_column_size": 50,
                                        "_inline_size": 90,
                                        "_title": "Star + Testimoni"
                                    },
                                    "elements": [
                                        {
                                            "id": "1b518ce3",
                                            "settings": {
                                                "blockquote_skin": "quotation",
                                                "blockquote_content": "Lorem ipsum dolor sit amet, consectetur adipiscing elit. Ut elit tellus, luctus nec ullamcorper mattis, pulvinar dapibus leo.Lorem ipsum dolor sit amet consectetur adipiscing elit dolor",
                                                "author_name": "",
                                                "tweet_button": "",
                                                "tweet_button_label": "Tweet",
                                                "content_gap": {
                                                    "unit": "px",
                                                    "size": 32,
                                                    "sizes": []
                                                },
                                                "alignment": "right",
                                                "_animation": "fadeIn",
                                                "_title": "Blockquote",
                                                "__globals__": {
                                                    "content_text_color": "globals\/colors?id=text",
                                                    "content_typography_typography": "globals\/typography?id=text",
                                                    "quote_text_color": "globals\/colors?id=accent"
                                                }
                                            },
                                            "elements": [],
                                            "isInner": false,
                                            "widgetType": "blockquote",
                                            "elType": "widget"
                                        },
                                        {
                                            "id": "220868a4",
                                            "settings": {
                                                "icon_space": {
                                                    "unit": "px",
                                                    "size": 9,
                                                    "sizes": []
                                                },
                                                "_offset_x": {
                                                    "unit": "px",
                                                    "size": 0,
                                                    "sizes": []
                                                },
                                                "_offset_y": {
                                                    "unit": "px",
                                                    "size": 170,
                                                    "sizes": []
                                                },
                                                "align": "right",
                                                "_offset_y_mobile": {
                                                    "unit": "px",
                                                    "size": 67,
                                                    "sizes": []
                                                },
                                                "_animation": "fadeInDown",
                                                "_margin": {
                                                    "unit": "px",
                                                    "top": "-186",
                                                    "right": "0",
                                                    "bottom": "0",
                                                    "left": "0",
                                                    "isLinked": false
                                                },
                                                "_margin_mobile": {
                                                    "unit": "px",
                                                    "top": "-199",
                                                    "right": "0",
                                                    "bottom": "0",
                                                    "left": "0",
                                                    "isLinked": false
                                                },
                                                "_margin_tablet": {
                                                    "unit": "px",
                                                    "top": "-228",
                                                    "right": "0",
                                                    "bottom": "0",
                                                    "left": "0",
                                                    "isLinked": false
                                                }
                                            },
                                            "elements": [],
                                            "isInner": false,
                                            "widgetType": "star-rating",
                                            "elType": "widget"
                                        }
                                    ],
                                    "isInner": true,
                                    "elType": "column"
                                },
                                {
                                    "id": "5a9f9327",
                                    "settings": {
                                        "_column_size": 50,
                                        "_inline_size": 10,
                                        "_title": "Empty"
                                    },
                                    "elements": [],
                                    "isInner": true,
                                    "elType": "column"
                                }
                            ],
                            "isInner": true,
                            "elType": "section"
                        },
                        {
                            "id": "124cfaa2",
                            "settings": {
                                "structure": "30",
                                "margin": {
                                    "unit": "px",
                                    "top": "-31",
                                    "right": 0,
                                    "bottom": "0",
                                    "left": 0,
                                    "isLinked": false
                                },
                                "_title": "Name + Image 2"
                            },
                            "elements": [
                                {
                                    "id": "f48d137",
                                    "settings": {
                                        "_column_size": 33,
                                        "_inline_size": 70,
                                        "_title": "Name",
                                        "_inline_size_tablet": 59,
                                        "_inline_size_mobile": 58
                                    },
                                    "elements": [
                                        {
                                            "id": "45af7b38",
                                            "settings": {
                                                "title": "Jerry Keller",
                                                "header_size": "h5",
                                                "align": "right",
                                                "_animation": "fadeInDown",
                                                "__globals__": {
                                                    "typography_typography": "globals\/typography?id=primary",
                                                    "title_color": "globals\/colors?id=accent"
                                                },
                                                "_margin": {
                                                    "unit": "px",
                                                    "top": "7",
                                                    "right": "0",
                                                    "bottom": "0",
                                                    "left": "0",
                                                    "isLinked": false
                                                },
                                                "_margin_mobile": {
                                                    "unit": "px",
                                                    "top": "14",
                                                    "right": "0",
                                                    "bottom": "0",
                                                    "left": "0",
                                                    "isLinked": false
                                                }
                                            },
                                            "elements": [],
                                            "isInner": false,
                                            "widgetType": "heading",
                                            "elType": "widget"
                                        },
                                        {
                                            "id": "23f587ac",
                                            "settings": {
                                                "title": "CEO",
                                                "header_size": "h5",
                                                "align": "right",
                                                "_animation": "fadeInDown",
                                                "__globals__": {
                                                    "typography_typography": "globals\/typography?id=primary",
                                                    "title_color": "globals\/colors?id=68b3a46"
                                                },
                                                "_margin": {
                                                    "unit": "px",
                                                    "top": "-12",
                                                    "right": "0",
                                                    "bottom": "0",
                                                    "left": "0",
                                                    "isLinked": false
                                                }
                                            },
                                            "elements": [],
                                            "isInner": false,
                                            "widgetType": "heading",
                                            "elType": "widget"
                                        },
                                        {
                                            "id": "7a94aed7",
                                            "settings": {
                                                "social_icon_list": [
                                                    {
                                                        "social_icon": {
                                                            "value": "fab fa-facebook",
                                                            "library": "fa-brands"
                                                        },
                                                        "_id": "70a754f"
                                                    },
                                                    {
                                                        "social_icon": {
                                                            "value": "fab fa-instagram",
                                                            "library": "fa-brands"
                                                        },
                                                        "_id": "4ffd620",
                                                        "item_icon_color": "custom",
                                                        "item_icon_primary_color": "#ED145B"
                                                    },
                                                    {
                                                        "social_icon": {
                                                            "value": "fab fa-twitter",
                                                            "library": "fa-brands"
                                                        },
                                                        "_id": "bfbcd17"
                                                    },
                                                    {
                                                        "social_icon": {
                                                            "value": "fab fa-youtube",
                                                            "library": "fa-brands"
                                                        },
                                                        "_id": "e4d093b"
                                                    }
                                                ],
                                                "shape": "circle",
                                                "align": "right",
                                                "icon_size": {
                                                    "unit": "px",
                                                    "size": 13,
                                                    "sizes": []
                                                },
                                                "icon_size_tablet": {
                                                    "unit": "px",
                                                    "size": 10,
                                                    "sizes": []
                                                },
                                                "hover_animation": "shrink",
                                                "_offset_x": {
                                                    "unit": "px",
                                                    "size": -100,
                                                    "sizes": []
                                                },
                                                "_offset_x_tablet": {
                                                    "unit": "px",
                                                    "size": -81,
                                                    "sizes": []
                                                },
                                                "_offset_y": {
                                                    "unit": "px",
                                                    "size": 354,
                                                    "sizes": []
                                                },
                                                "_offset_y_tablet": {
                                                    "unit": "px",
                                                    "size": 354,
                                                    "sizes": []
                                                },
                                                "_offset_y_mobile": {
                                                    "unit": "px",
                                                    "size": 251,
                                                    "sizes": []
                                                },
                                                "_animation": "fadeInUp",
                                                "_margin": {
                                                    "unit": "px",
                                                    "top": "-11",
                                                    "right": "0",
                                                    "bottom": "0",
                                                    "left": "0",
                                                    "isLinked": false
                                                }
                                            },
                                            "elements": [],
                                            "isInner": false,
                                            "widgetType": "social-icons",
                                            "elType": "widget"
                                        }
                                    ],
                                    "isInner": true,
                                    "elType": "column"
                                },
                                {
                                    "id": "3315e294",
                                    "settings": {
                                        "_column_size": 33,
                                        "_inline_size": 21.33,
                                        "_title": "Image",
                                        "_inline_size_tablet": 31,
                                        "_inline_size_mobile": 42
                                    },
                                    "elements": [
                                        {
                                            "id": "37e44e69",
                                            "settings": {
                                                "image": {
                                                    "url": "https:\/\/templatekit.hellokuro.com\/nikicivi\/wp-content\/uploads\/2021\/03\/what-they-said-photo-client-nikicivi-2.jpg",
                                                    "id": 3123
                                                },
                                                "image_size": "full",
                                                "align": "right",
                                                "width": {
                                                    "unit": "%",
                                                    "size": 94,
                                                    "sizes": []
                                                },
                                                "width_tablet": {
                                                    "unit": "%",
                                                    "size": 100,
                                                    "sizes": []
                                                },
                                                "image_border_radius": {
                                                    "unit": "px",
                                                    "top": "145",
                                                    "right": "145",
                                                    "bottom": "145",
                                                    "left": "145",
                                                    "isLinked": true
                                                },
                                                "_animation": "fadeIn",
                                                "align_mobile": "center",
                                                "width_mobile": {
                                                    "unit": "%",
                                                    "size": 80,
                                                    "sizes": []
                                                }
                                            },
                                            "elements": [],
                                            "isInner": false,
                                            "widgetType": "image",
                                            "elType": "widget"
                                        }
                                    ],
                                    "isInner": true,
                                    "elType": "column"
                                },
                                {
                                    "id": "54443f2e",
                                    "settings": {
                                        "_column_size": 33,
                                        "_inline_size": 8,
                                        "_title": "Empty"
                                    },
                                    "elements": [],
                                    "isInner": true,
                                    "elType": "column"
                                }
                            ],
                            "isInner": true,
                            "elType": "section"
                        },
                        {
                            "id": "381f3949",
                            "settings": {
                                "space": {
                                    "unit": "px",
                                    "size": 121,
                                    "sizes": []
                                },
                                "space_mobile": {
                                    "unit": "px",
                                    "size": 91,
                                    "sizes": []
                                },
                                "space_tablet": {
                                    "unit": "px",
                                    "size": 105,
                                    "sizes": []
                                }
                            },
                            "elements": [],
                            "isInner": false,
                            "widgetType": "spacer",
                            "elType": "widget"
                        }
                    ],
                    "isInner": false,
                    "elType": "column"
                }
            ],
            "isInner": false,
            "elType": "section"
        },
        {
            "id": "5df67eee",
            "settings": {
                "background_background": "classic",
                "_title": "Logo",
                "__globals__": {
                    "background_color": "globals\/colors?id=accent"
                }
            },
            "elements": [
                {
                    "id": "3d7f9a35",
                    "settings": {
                        "_column_size": 100,
                        "_inline_size": null
                    },
                    "elements": [
                        {
                            "id": "4268e397",
                            "settings": {
                                "carousel": [
                                    {
                                        "id": 515,
                                        "url": "https:\/\/templatekit.hellokuro.com\/nikicivi\/wp-content\/uploads\/2021\/03\/1-airdnd-logo-client-nikicivi-3.png"
                                    },
                                    {
                                        "id": 517,
                                        "url": "https:\/\/templatekit.hellokuro.com\/nikicivi\/wp-content\/uploads\/2021\/03\/2-babarifa-logo-client-nikicivi.png"
                                    },
                                    {
                                        "id": 521,
                                        "url": "https:\/\/templatekit.hellokuro.com\/nikicivi\/wp-content\/uploads\/2021\/03\/3-cripsydip-logo-client-nikicivi.png"
                                    },
                                    {
                                        "id": 523,
                                        "url": "https:\/\/templatekit.hellokuro.com\/nikicivi\/wp-content\/uploads\/2021\/03\/4-dominios-logo-client-nikicivi.png"
                                    },
                                    {
                                        "id": 524,
                                        "url": "https:\/\/templatekit.hellokuro.com\/nikicivi\/wp-content\/uploads\/2021\/03\/5-eightstate-logo-client-nikicivi.png"
                                    },
                                    {
                                        "id": 532,
                                        "url": "https:\/\/templatekit.hellokuro.com\/nikicivi\/wp-content\/uploads\/2021\/04\/6-faritalez-logo-client-nikicivi.png"
                                    },
                                    {
                                        "id": 534,
                                        "url": "https:\/\/templatekit.hellokuro.com\/nikicivi\/wp-content\/uploads\/2021\/04\/7-gericoco-logo-client-nikicivi.png"
                                    },
                                    {
                                        "id": 536,
                                        "url": "https:\/\/templatekit.hellokuro.com\/nikicivi\/wp-content\/uploads\/2021\/04\/8-hanimun-logo-client-nikicivi.png"
                                    },
                                    {
                                        "id": 538,
                                        "url": "https:\/\/templatekit.hellokuro.com\/nikicivi\/wp-content\/uploads\/2021\/04\/9-italinar-logo-client-nikicivi.png"
                                    },
                                    {
                                        "id": 540,
                                        "url": "https:\/\/templatekit.hellokuro.com\/nikicivi\/wp-content\/uploads\/2021\/04\/10-jakarzae-logo-client-nikicivi.png"
                                    },
                                    {
                                        "id": 543,
                                        "url": "https:\/\/templatekit.hellokuro.com\/nikicivi\/wp-content\/uploads\/2021\/04\/11-karemura-logo-client-nikicivi.png"
                                    },
                                    {
                                        "id": 544,
                                        "url": "https:\/\/templatekit.hellokuro.com\/nikicivi\/wp-content\/uploads\/2021\/04\/12-lemperza-logo-client-nikicivi.png"
                                    },
                                    {
                                        "id": 546,
                                        "url": "https:\/\/templatekit.hellokuro.com\/nikicivi\/wp-content\/uploads\/2021\/04\/13-mabaqu-logo-client-nikicivi.png"
                                    },
                                    {
                                        "id": 547,
                                        "url": "https:\/\/templatekit.hellokuro.com\/nikicivi\/wp-content\/uploads\/2021\/04\/14-nikmatul-logo-client-nikicivi.png"
                                    },
                                    {
                                        "id": 548,
                                        "url": "https:\/\/templatekit.hellokuro.com\/nikicivi\/wp-content\/uploads\/2021\/04\/15-ojoditiru-logo-client-nikicivi.png"
                                    }
                                ],
                                "thumbnail_size": "custom",
                                "thumbnail_custom_dimension": {
                                    "width": "120",
                                    "height": "36"
                                },
                                "slides_to_show": "5",
                                "navigation": "arrows",
                                "arrows_position": "outside",
                                "arrows_size": {
                                    "unit": "px",
                                    "size": 20,
                                    "sizes": []
                                }
                            },
                            "elements": [],
                            "isInner": false,
                            "widgetType": "image-carousel",
                            "elType": "widget"
                        }
                    ],
                    "isInner": false,
                    "elType": "column"
                }
            ],
            "isInner": false,
            "elType": "section"
        }
    ]
}