{
    "version": "0.4",
    "title": "Title Black | Section &#8211; Nikicivi Kit",
    "type": "section",
    "metadata": {
        "template_type": "section-hero",
        "include_in_zip": "1",
        "elementor_pro_required": null,
        "wp_page_template": "default"
    },
    "content": [
        {
            "id": "80b50cb",
            "settings": {
                "background_background": "classic",
                "background_overlay_background": "classic",
                "background_overlay_image": {
                    "url": "https:\/\/templatekit.hellokuro.com\/nikicivi\/wp-content\/uploads\/2021\/03\/background-n.png",
                    "id": 162
                },
                "background_overlay_position": "initial",
                "background_overlay_size": "auto",
                "background_overlay_opacity": {
                    "unit": "px",
                    "size": 0.39,
                    "sizes": []
                },
                "background_overlay_position_tablet": "initial",
                "background_overlay_position_mobile": "initial",
                "background_overlay_xpos": {
                    "unit": "px",
                    "size": -193,
                    "sizes": []
                },
                "background_overlay_xpos_tablet": {
                    "unit": "px",
                    "size": -156,
                    "sizes": []
                },
                "background_overlay_xpos_mobile": {
                    "unit": "px",
                    "size": -184,
                    "sizes": []
                },
                "background_overlay_ypos_mobile": {
                    "unit": "px",
                    "size": -36,
                    "sizes": []
                },
                "background_overlay_repeat_mobile": "no-repeat",
                "padding_tablet": {
                    "unit": "px",
                    "top": "0",
                    "right": "15",
                    "bottom": "0",
                    "left": "15",
                    "isLinked": false
                },
                "padding_mobile": {
                    "unit": "px",
                    "top": "0",
                    "right": "15",
                    "bottom": "0",
                    "left": "15",
                    "isLinked": false
                },
                "background_overlay_ypos": {
                    "unit": "px",
                    "size": -147,
                    "sizes": []
                },
                "background_overlay_ypos_tablet": {
                    "unit": "px",
                    "size": -193,
                    "sizes": []
                },
                "text_align": "center",
                "_title": "Title | Black - Nikicivi",
                "__globals__": {
                    "background_color": "globals\/colors?id=primary"
                }
            },
            "elements": [
                {
                    "id": "163e5da2",
                    "settings": {
                        "_column_size": 100,
                        "_inline_size": null
                    },
                    "elements": [
                        {
                            "id": "8112f30",
                            "settings": {
                                "space": {
                                    "unit": "px",
                                    "size": 115,
                                    "sizes": []
                                },
                                "space_tablet": {
                                    "unit": "px",
                                    "size": 110,
                                    "sizes": []
                                },
                                "space_mobile": {
                                    "unit": "px",
                                    "size": 130,
                                    "sizes": []
                                },
                                "_title": "Spacer"
                            },
                            "elements": [],
                            "isInner": false,
                            "widgetType": "spacer",
                            "elType": "widget"
                        },
                        {
                            "id": "42e8cfc5",
                            "settings": {
                                "title": "Your Title Here",
                                "align": "center",
                                "__globals__": {
                                    "title_color": "globals\/colors?id=937ce6e",
                                    "typography_typography": "globals\/typography?id=a20c8f0"
                                },
                                "_animation": "fadeInDown"
                            },
                            "elements": [],
                            "isInner": false,
                            "widgetType": "heading",
                            "elType": "widget"
                        },
                        {
                            "id": "164694e2",
                            "settings": {
                                "editor": "<p>Lorem ipsum dolor sit amet, consectetur adipiscing elit,<br \/>sed doeiusmod tempor incididunt ut labore et dolore magna<\/p>",
                                "align_mobile": "center",
                                "_animation": "fadeInUp",
                                "align": "center",
                                "_margin": {
                                    "unit": "px",
                                    "top": "20",
                                    "right": "0",
                                    "bottom": "0",
                                    "left": "0",
                                    "isLinked": false
                                },
                                "__globals__": {
                                    "text_color": "globals\/colors?id=text",
                                    "typography_typography": "globals\/typography?id=text"
                                }
                            },
                            "elements": [],
                            "isInner": false,
                            "widgetType": "text-editor",
                            "elType": "widget"
                        },
                        {
                            "id": "708c8e82",
                            "settings": {
                                "space": {
                                    "unit": "px",
                                    "size": 108,
                                    "sizes": []
                                },
                                "space_tablet": {
                                    "unit": "px",
                                    "size": 110,
                                    "sizes": []
                                },
                                "space_mobile": {
                                    "unit": "px",
                                    "size": 130,
                                    "sizes": []
                                }
                            },
                            "elements": [],
                            "isInner": false,
                            "widgetType": "spacer",
                            "elType": "widget"
                        }
                    ],
                    "isInner": false,
                    "elType": "column"
                }
            ],
            "isInner": false,
            "elType": "section"
        }
    ]
}